accession,sequence
A0A009IHW8,MSLEQKKGADIISKILQIQNSIGKTTSPSTLKTKLSEISRKEQENARIQSKLSDLQKKKIDIDNKLLKEKQNLIKEEILERKKLEVLTKKQQKDEIEHQKKLKREIDAIKASTQYITDVSISSYNNTIPETEPEYDLFISHASEDKEDFVRPLAETLQQLGVNVWYDEFTLKVGDSLRQKIDSGLRNSKYGTVVLSTDFIKKDWTNYELDGLVAREMNGHKMILPIWHKITKNDVLDYSPNLADKVALNTSVNSIEEIAHQLADVILNR
A0A023I7E1,MRFQVIVAAATITMITSYIPGVASQSTSDGDDLFVPVSNFDPKSIFPEIKHPFEPMYANTENGKIVPTNSWISNLFYPSADNLAPTTPDPYTLRLLDGYGGNPGLTIRQPSAKVLGSYPPTNDVPYTDAGYMINSVVVDLRLTSSEWSDVVPDRQVTDWDHLSANLRLSTPQDSNSYIDFPIVRGMAYITANYNNLTPQFLSQHAIISVEADEKKSDDNTSTFSGRKFKITMNDDPTSTFIIYSLGDKPLELRKQDNSNLVASKPYTGVIRVAKLPAPEFETLLDASRAVWPTGGDISARSDDNNGASYTIKWKTNSNEAPLLTYAYAHHLTSIDDSNVKRTDMTLQSATKGPMTALVGNEWTLRETELSPVEWLPLQAAPNPTTINEIMTEINKDIASNYTQETAKEDNYFSGKGLQKFAMLALILNKSDQTQLRNPELAQIALDKLKAAFLPYLQNEQADPFRYDTLYKGIVAKAGLPTSMGGTDDLSAEFGHSYYSDHHYHQGYFVVTAAIIHHLDPTWNADRLKAWTEALIRDVNNANDGDEYFAAFRNWDWFAGHSWAGGIKPDGALDGRDQESVPESVNFYWGAKLWGLATGNTPLTKLASLQLAVTKRTTYEYFWMLDGNKNRPENIVRNKVIGIYFEQKTDYTTYFGRFLEYIHGIQQLPMTPELMEYIRTPEFVSQEWDEKLGAIAPTVQSPWAGVLYLNYAIINPAEAYPALRKVQMDDGQTRSYSLYLTATRPHFFRRSLLAALARHGSTRRPSLPSSGDDDKHEDGFLLRFRRLNPFNLKHRIY
A0A024SC78,MRSLAILTTLLAGHAFAYPKPAPQSVNRRDWPSINEFLSELAKVMPIGDTITAACDLISDGEDAAASLFGISETENDPCGDVTVLFARGTCDPGNVGVLVGPWFFDSLQTALGSRTLGVKGVPYPASVQDFLSGSVQNGINMANQIKSVLQSCPNTKLVLGGYSQGSMVVHNAASNLDAATMSKISAVVLFGDPYYGKPVANFDAAKTLVVCHDGDNICQGGDIILLPHLTYAEDADTAAAFVVPLVS
A0A059TC02,MRSVSGQVVCVTGAGGFIASWLVKILLEKGYTVRGTVRNPDDPKNGHLRELEGAKERLTLCKADLLDYQSLREAINGCDGVFHTASPVTDDPEQMVEPAVIGTKNVINAAAEANVRRVVFTSSIGAVYMDPNRDPETVVDETCWSDPDFCKNTKNWYCYGKMVAEQAAWEEAKEKGVDLVVINPVLVQGPLLQTTVNASVLHILKYLTGSAKTYANSVQAYVDVKDVALAHILLYETPEASGRYLCAESVLHRGDVVEILSKFFPEYPIPTKCSDVTKPRVKPYKFSNQKLKDLGLEFTPVKQCLYETVKSLQEKGHLPIPTQKDEPIIRIQP
A0A061ACU2,MTVPPLLKSCVVKLLLPAALLAAAIIRPSFLSIGYVLLALVSAVLPPIRKSLALPKLVGTFVIITFLFCLAVALGVGSYQISEQVVHKNDRTYICNRSDTTLFRSIGLVRFHPTGTFESTRAFLPEIIATSAALLTIIIVMFLSHRDEQLDVVGDVVTVRSESGREQRRQRKLAAIMWSAIGNSLRRLTNFVLFLFTAYVGIVKPSLSNSIYFLAFLFISTWWSTYTPLRHGVYNQIKKFLIFYSALHFLVLYTYQIPIVHHSWLPTGSFLPRLFGLTVLMDSSCPEWWKFPFVAPDFNDDDLIMKWPLYANPIVVLVFFYLTVAQYKFTRNGSREYIDDNEYGSSVHEERFVSAGTVETNVDDVGQLISISESTASAPSGRGRGNTLLLSNASSSANDDEQGRARSRSPLRNGEEQGSIPLRKVTSQVVDRNKLSNIFNTTAPGDKESAASKGMIAVMTFVIFHSYSIALTAMMTWALLYHSIFGLILLILTCILWIFRDTRKSSFAMAPIILMYIEFLLILQYFLSMDIHAEIGDPAWMNFVGIEWTTLPVHAVIILCVQTLLTLPVFLLLRLARREKFYESLSDYERQRRINSYGTFGASKTGAGGVAVAKFQDPKSRKFAAFVEYLSNKVSVYFIFVVSVVLLVVSTCFAPNFYNILFFALWALNLIYLKFSFRLYRGLAYAFWLTLTFYTSIVIIALYIYQFPGVSQWIIRNTSLSQEWLNAIGLVDFRAIGESGALFLQLLAPIALFVVTMLQLKFFHGPWSRATSPRRAENDPPTSTTEAAAVASTSGTQGRAHAAGDTLVKKLHKLANQTIELLWRFFEVHISKIVFVIIAIFIANNINALYIPLVILLSLAICLPSAADGIFSLFMCAYLFLVALSKMIYQLDIVPELSQIDRGVGADNCSHGNISMPEWFGLKKEVEGTEPIYMLFGVIVSIIALAFQSIVIYRQRHYRASLGLPESMRAKVFPDFHHSHFDRSLKNAIQFLIDYGFYKFGLEITMIAIGIDIFNRMDALAAIQCFWLVLFALNKRVFVRRIWVFYVIYMAILYPLQFFSYVGLPPDSCIEYPWSYWIPSYSDDARFNLSYLLNLSIYGVNWPSAYLIGDFFVLLLASCQLAVFRREGEDNDSIYNDGNFVIKPENPQYDFIDTKKSYVDYFKSFVFHYGHWITLMSTLAAGIAGTSLFALGYIIFTLTMLWSGNNLYVMNSTLRSFEHTLKRWNALLGYTLFTITMKVCLQIFGCVFLSWFDQSGGWGKTLCIVRQLFSITCVNNECHVLKELEDFSKACAVETKEGNIGFDVIALSFLVFQIRIFHSWYFQHCMVEYRSEVILANRGAVLKNQLIEKEMKEQNEQQKAKFNDIRRRTEAIRERYQKQIERGAAERDFEPVTYGHAKRAGDYYMFKYDPENDDLVEPVDSFVPEVDPKATAYDRLDPGQIMYAATAHDLDLAKTVQQVKKGDTIKDPDSRALIAVSEPEARKPGGTEETDGDEDEDNKDSKVESTAKFIQKMIASALDLCSVTLNKLCREHRYVGFVLSKEKQKLKSGHSESLSNTSRKLTDIRSAVDLPSLQLVQSANDVEKMETAVSVDWQQKSSATRLLNAVVNCIGAHTDILCYFFAIMTQVMTGGLITLPLPLMSLFWGNLSNPRPSKFFWVTMITYTECVIVIKFVCQFAFMPYNSITWRTEHQMDPMSLDKLFGVSQRDSFALWDIVLLFSLFFHRYMLRKLGLWKDANLTDTFTLKEEPRSASGSDTGSPKKIAQEPKVVVTQSDTLEGTSGGEIVIPSDPNAVSNMEELDCEPPIPEKQSGPIGRFIHQLFHPKFRYIRDLYPIMFGIDVICFLIMTFGYSAFGEGGSGNVLDDVKASRIPVTLVVMLVGMTLAIIIDRALYLRKSVVGKLIYQVLMIAFLHIWVFLVLPNMTRRSAISNHVAQALYVIKSCYFLVSAWQIRNGYPELCIGNLLTHSYGMTNMIAFKVFMNIPFLFELRTAIDWTWTDTSMPLFDFFNMENFYAHIFNIKCARQFEAAYPAPRGIPKGKLVKYMMGFPIIIGVVIFIFSPLLLWSLLNQIGTISMPEKVTLRISIEGYPPLYEMEAQGSNHDNAELGMIKPDQLASLNQALTDSYTTRDTNSILRSRMSVSYLKGYTYEDILIVRFRPESEIYWPISQDSRNAMIDKLSRNTSVNFEVSLEFTRPYDPNENAALKHSKSWLVPISLDMTIRAKIQSALRGDPGHPILIPQSIPAFIQVPNQGELTLPTSIGNTIINDGNPRINTTGMEKSDEARAWFDSLTLNLEQGKSQNEKMWIATSEHPGDQNAKLWIKTANTTYSGRPYLQVVGFIDRAFPSFLAKVFKGGVIAVYLSVILVVGRGLVRGIFTTSPSTVMFTELPNADHLLKICLDIYLVREAKDFMLEQDLFAKLIFLFRSPATLIEWTRMSKKKQE
A0A068B6Q6,PDGRNAAAKAFDLITPTVRKGCCSNPACILNNPNQCG
A0A075BSX9,MTEKIYDAIVVGAGFSGLVAARELSAQGRSVLIIEARHRLGGRTHVVNFLGRPVEIGGAGVHWCQPHVFAEMQRYGFGFKEAPLADLDKAYMVFADGQKIDVPPATFDEEYTTAFEKFCSRSRELFPRPYSPLDNHEVSNLDGVSARDHLESLGLNELQLASMNAELTLYGGAPTTELSYPSFVKFHALASWDTITFTDSEKRYHVQGGTNALCQAIFDDCRADSEFGVPVEAVAQTDNGVTVTLADKRVFRALTCVLTLPTKVYADVRFEPPLPPEKRAFIEHAEMADGAELYVHVRQNLGNTFTFCDDPNPFNAVQTYAYDDELGTILKITIGRQSLINLENFDAIAAEIRKIHGDVEVLEALPYNWAMDEYARTSYPAMRKGWFSRYKDMAKPENRLFFAGSATADGWHEYIDGAIESGIRVGREIRHFMKATA
A0A075TRK9,MRLTSGIFHAAIAVAAVGAVLPEGPSSSKTHRNEYARRMLGSSFGIPKNQTFDYLVIGGGTAGLTIATRLAEQGVGSVAVIEAGGFYELNNGNLSQIPAQDAFYVGTDLDDWQPGIDWGFHTTPQAGAYDRVSHYARGKCLGGSSARNYMAYQRGTKAAHQRWADTVGDSSYTWEQFLPFFEKSLHFTPANDALRGANASVVSDPSVLGNGDGPLSVTYPHYAQAFATWAKHAFIEIGLQIRSGFQSGALLGQSYGLYTINATTMHRESSETSFLRKGLADPNLTVFQSALAKRIRFQDKRAVGVDVETMGRAYTLSARKEIVLSAGAFQSPQLLMVSGVGPAATLKAHNIPLVADRPGVGQNMQDHIIYAPSYRVNVITQSALLNEEFEAQANRDYNERAAGIYANPTSDILAWEKIPEPKRSAWFSNHTRQVLAEYPDDWPEVEFLTMGGYFGYQRNYIRDNPSDGYNYASLAVSLCTPRSRGNVTITSPDAGVPPVINPNWLTDPVDVELAVAAFKRTRDFFNTTAIKPILIGPEYFPGSQVATDAEILDHVRKSFDTIFHASCTCAMGLANDTQAVVDSKARVIGVEALRVVDASALPFLPPGHPQSTLYALAEKIACEISGNC
A0A080WMA9,MATPSKKRCGVLGATGAVGTRFILLLSQHPLLELVAVGASDRSSGKKYRDAVRWKQSAPMPAKVADLTVRCCDPAEFSDCDIIFSGLDPDAAGEIEMAFLKANFAVFSNAKNYRLDPMVPLVVPLVNAGHIDVIPAQRKHFGLDKGMLVCNSNCAVVGLVVPAKALIQKFGPIESVSMVTMQAVSGAGYPGVSSMDIFDNIVPYIPGEEGKISSEARKILGDLNSDLAGFSDQKPLQISVACNRVPVLDGHTVCASLRFVNRPPPTASQVREALREYKPEVQTLGCPSAPKMSIHVMDEVDRPQPRLDRETEGGYACTVGRIREDDSDVFDIQFVALSHNTVLGASGSSILNAESAILKGFV
A0A096P8D3,MTRVERGRVLARAIERAVAHRASARRWTTTTRTPAWMVTGWMGGRGVDRSTAMTRFERCGSTASSKITAAPMVYVRGEEMTAYVMDLIRSRWIEPRVDVGGWETFDLRAKNRDDTEDRVLRDVIEAGKRIKAIFKEPTVTPTADQVKRLGLRKSWGSPNGAMRRGWNGITISRDTIHIDGVELGYKKPVLFERHAVGGEYSAGYKNVGKGKLTTTFTPSEGPDAGKTVVVDEREIVDEEAAVVTYHNPYDNVHDLARFFFGRCLEAKVTPYVVTKKTVFKWQEPFWQIMRTVFDEEFKAQFVAAGVMKEGEELVHLLSDAATMKLVQWRQGGFGMAAHNYDGDVLTDELAQVHKSPGFITSNLVGVHEDGTLIKEFEASHGTVADMDEARLRGEETSLNPLGMVEGLIGAMNHAADVHNIDRDRTHAFTTKMRTVIHQLFREGKGTRDLCGPSGLTTEQFIDAVAERLDA
A0A097PTA8,MKLSTSLLAIVAVASTFIGNALSATTVPGCFAECIDKAAVAVNCAAGDIDCLQASSQFATIVSECVATSDCTALSPGSASDADSINKTFNILSGLGFIDEADAFSAADVPEERDLTGLGRVLPVEKRQNCPTRRGLCVTSGLTACRNHCRSCHRGDVGCVRCSNAQCTGFLGTTCTCINPCPRC
A0A0A1HA03,MMGDLTTSFPATTLTTNDQPHVVVCSGAGMGHLTPFLNLASALSSAPYNCKVTLLIVIPLITDAESHHISSFFSSHPTIHRLDFHVNLPAPKPNVDPFFLRYKSISDSAHRLPVHLSALSPPISAVFSDFLFTQGLNTTLPHLPNYTFTTTSARFFTLMSYVPHLAKSSSSSPVEIPGLEPFPTDNIPPPFFNPEHIFTSFTISNAKYFSLSKGILVNTFDSFEPETLSALNSGDTLSDLPPVIPIGPLNELEHNKQEELLPWLDQQPEKSVLYVSFGNRTAMSSDQILELGMGLERSDCRFIWVVKTSKIDKDDKSELRKLFGEELYLKLSEKGKLVKWVNQTEILGHTAVGGFLSHCGWNSVMEAARRGVPILAWPQHGDQRENAWVVEKAGLGVWEREWASGIQAAIVEKVKMIMGNNDLRKSAMKVGEEAKRACDVGGSSATALMNIIGSLKR
A0A0A6ZFY4,MDNQNGRISIALLPFLAHGHISPFFELAKQLAKRNCNVFLCSTPINLSSIKDKDSSASIKLVELHLPSSPDLPPHYHTTNGLPSHLMLPLRNAFETAGPTFSEILKTLNPDLLIYDFNPSWAPEIASSHNIPAVYFLTTAAASSSIGLHAFKNPGEKYPFPDFYDNSNITPEPPSADNMKLLHDFIACFERSCDIILIKSFRELEGKYIDLLSTLSDKTLVPVGPLVQDPMGHNEDPKTEQIINWLDKRAESTVVFVCFGSEYFLSNEELEEVAIGLEISTVNFIWAVRLIEGEKKGILPEGFVQRVGDRGLVVEGWAPQARILGHSSTGGFVSHCGWSSIAESMKFGVPVIAMARHLDQPLNGKLAAEVGVGMEVVRDENGKYKREGIAEVIRKVVVEKSGEVIRRKARELSEKMKEKGEQEIDRALEELVQICKKKKDEQ
A0A0A7EQR3,MFKPSFVALALVSYATAQASAPQWGQCGGIGWTGPTACPSGWACQQLNAYYSQCLQGAAPAPARTTAAPPPPPATTAAPPPPTTSAPTGSSPVAGACGAIASTVPNYNNAKLPDPFTFANGTALRTKADWSCRRAEISALIQNYEAGTLPPKPPVVTASFSKSGNTGTLAITAGLSNSQTIKFSPTISYPSGTPPANGWPLIIAYEGGSIPIPAGVATLTYSNSDMAQQNSASSRGQGLFYQLYGSTHSASAMTAWVWGVSRIIDALEMTPTAQINTQRIGVTGCSRDGKGALMAGAFEERIALTIPQESGSGGDACWRLSKYEIDNGNQVQDAVEIVGENVWFSTNFNNYVQKLPTVPEDHHLLAAMVAPRAMISFENTDYLWLSPMSSFGCMTAAHTVWQGLGIADSHGFAQVGGHAHCAWPSSLTPQLNAFINRFLLDQSATTNVFTTNNQFGKVQWNAANWITWTTPTLT
A0A0A7GEY4,MISEIIKDRAKLVNEKIEELLKEQEPEGLYRAARHYLKAGGKRLRPVITLLSAEALGEDYRKAIHAAIAIETVHNFTLVHDDIMDEDEMRRGVKTVHTLFGIPTAILAGDTLYAEAFEILSMSDAPPENIVRAVSKLARVCVEICEGQFMDMSFEERDSVGESEYLEMVRKKTGVLIGISASIPAVLFGKDESVEKALWNYGIYSGIGFQIHDDLLDISGKGKIGKDWGSDILEGKKTLIVIKAFEEGIELETFGKGRASEEELERDIKKLFDCGAVDYARERAREYIEMAKKNLEVIDESPSRNYLVELADYLIERDH
A0A0A7HFE1,MKKEKIDLFYGALLHDIGKVIQRATGERKKHALVGADWFDEIADNQVISDQIRYHMANYQSDKLGNDHLAYITYIADNIASGVDRRQSNEESDEDASAKIWDTYTNQADIFNVFGAQTDKRYFKPTVLNLKSKPNFASATYEPFSKGDYAAIATRIKNELAEFEFNQAQIDSLLNLFEAILSFVPSSTNSKEIADISLAEHSRLTAAFALAIYDYLEDKGRHNYKEDLFTKASAFYEEEAFLLASFDLSGIQDFIYNIATSGAAKQLKARSLYLDFMSEYIADSLLDKLGLNRANLLYVGGGHAYFVLANTEKTVETLVQFEKDFNQFLLANFQTRLYVAFGWGSFAAKDIMSELNSPESYRQIYQKASRMISEKKISRYDYRTLMLLNRGGKSSERECEICHSVENLVSYHDQKVCDICRGLYQFSKEIAHDHFIITENEGLPIGPNACLKGVAFEKLSQESFSRVYVKNDYKAGTIKATHVFVGDYQCDEIHKYAALSKNEDGLGIKRLAVVRLDVDDLGAAFMAGFSRQGNGQYSTLSRSATFSRSMSLFFKVYINQFASDKKLSIIYAGGDDVFAIGSWQDIIAFTVELRQNFIKWTNGKLTLSAGIGLFADKTPISLMAHQTGELEEAAKGNEKDSISLFSSDYTFKFDRFITNVYDDKLEQIRYFFNHQDERGKNFIYKLIELLRNYESEEKMNVARLAYYLTRLEELTDKDERDKFKQFKKLFFKWYTNNESDRKEAELALLLYVYEIRKD
A0A0A7HFE6,MRVLISAVGDTDPFRNFHDGSLIHIARKYRPEKVILIFSEHTAKKQGNIEKALFSIAPNYEPELIIHDPIISDNEVHIFDVMFQRFSDILQEYYTKEDEFILNLSSATPQIKSALFVINRLNGINVKAVQVSSPEHASNENIGHDNDENIDELIEVNKDNKVNFIDRTIEDNAEKFSQALLKKTARDFIEKFDYKAALDILDQLSDFPNLKSVREEIRDVVNCLSKQDVPKGLRHKKLKEEEQKILSAYLTIELQRERGNVSESFIRIKNLTEFILEDYIEKRYPGLIDEYCEDIQKYYLSLFDYSKLLKATKEFKLKRTIAPIIDMNSSRNKVAHSLSPLDSDAVKQLGIAMKTLKTLVREQYHFSQSDFNFYHDLNKILLTKLN
A0A0A7HIF0,MTFAKIKFSAQIRLETGLHIGGSDAFAAIGAIDSPVIKDPITNIPIIPGSSLKGKMRTLLAKVYNEKVAEKPSDDSDILSRLFGNSKDKRFKMGRLIFRDAFLSNADELDSLGVRSYTEVKFENTIDRITAEANPRQIERAIRNSTFDFELIYEITDENENQVEEDFKVIRDGLKLLELDYLGGSGSRGYGKVAFEKLKATTVFGNYDVKTLNELLTAEV
A0A0B0QJR1,MTNIEPVIIETRLELIGRYLDHLKKFENISLDDYLSSFEQQLITERLLQLITQAAIDINDHILSKLKSGKSYTNFEAFIELGKYQILTPELAKQIAPSSGLRNRLVHEYDDIDPNQVFMAISFALQQYPLYVRQINSYLITLEEEND
A0A0B5AC95,MTTSSYFLLMALGLLLYVCQSSFGNQHTRTFDTPKHRCGSEITNSYMDLCYRKRNDAGEKRGRASPLWQRRGSLSKLKARAKRNGAFHLPRDGRGVVEHCCHRPCSNAEFKKYCG
A0A0B5L781,MSAASPASIIQELASAAKQYENNESGAREALIAQSRALIASLEVPSEFIQHTFWSQPALSAIVRLATDVNLFQYLKDAQEEGLNAEALASKTGMDVSLFARLARHLVAMNVITSRNGVFYGTALSNGLAAENYQQSIRFCHDVSRPSFGAFPSFFKGNGYKTPALGTTDGPFQSAHKVDISFPQWLVGNPPYLQYFNSYMSAYRAGKPNWCDNGFYPVADRLLNGFDASVSDVLLVDVGGGRGHDIATFGSQFSPLPGRLVLQDREQVINSIPADESRQFEATTHDIFTTQPVKHARAYYMHSVPHGFGDEDAVKIMANLVPALAKGYSRVLLNEIVVDEERPVMSATNMDLIMLAHMGAKERTEADWRSILTRAGLKVVNIYSYPGVAESLIEAELA
A0A0B5LB55,MSTEKFTITEHLVPGSHIREYPGSTVNQEDVLKIHVKQYTPKREGPVPDDAITFIATHGVGLPKELYEPLWDELLDQASGFHIRAIWMADVASMNQSGIHNEDKLSMDCSWMDHARDLLLMINHFRDQMPRPLVGIGHSFGGNIITNLAYLHPRLFTTLLLLDPLIQLSPPSLGFGTDAPSAINYTLWRDDVWPSREVAIRANRAIMQGMDPRCLDRMTKHFFRDLPTPLYPDVEAIKALFGTTADSTTTPVTLTTPKYHELVAQIRQNFNARDPKTGRIEVPRDTHADMDPLVAYIPLYRPEPRSTFRRLETLRPSCLWVIAGATFLNIDEIREGVKICGSGIGGSGGVPDGRVREVVLPGFGHLMPFQEVKTVAETCIVWLQQEMDRFRQTERQWKEDRDGKSHLAVEENWYKVLKPIPSGRKKRNDKGKL
A0A0B7P9G0,MNTYFISFITIIIFANGINGTSVDTSNKLLLQKANDFNLSQNLSSSRTRRTIANSFRIVGIRLEDETVETKNGIPTVLVDKEQQFRVFGSGLEENTAITFTNEKNDYGGPCLKPATDLFTPIEVSSNGFSALYSVKFPSFINEFFICAKTAEKTTNHSKAATTTPLEHQGNSDFLKIKTFEPLIPVWLAIIIIVTCLGFSALFSGLNLGLMSMDRTELKILRNTGTEKEKKYASKIAPVRDQGNYLLCSILLGNVLVNSTFTILLDGLTSGLFAVIFSTLAIVLFGEITPQAVCSRHGLAIGAKTILVTKTVMAITAPLSYPVSRILDKLLGEEIGNVYNRERLKELVRVTNDVNDLDKNEVNIISGALELRKKTVADVMTHINDAFMLSLDALLDFETVSEIMNSGYSRIPVYDGDRKNIVTLLYIKDLAFVDTDDNTPLKTLCEFYQNPVHFVFEDYTLDIMFNQFKEGTIGHIAFVHRVNNEGDGDPFYETVGLVTLEDVIEELIQAEIVDETDVFVDNRTKTRRNRYKKADFSAFAERREVQTVRISPQLTLATFQYLSTAVDAFKKDVISELILRRLLNQDVFHNIKTKGKSKDDPSLYIFTQGKAVDFFVLILEGRVEVTIGKEALMFESGPFTYFGTQALVPNVVIDSPTQMGSLQSLNMDSKIRQSFVPDYSVRAISDVIYITIKRVLYLTAKKATLLEKSRKSGTFSSETFDDEVERLLHSITENEKPSCFAQNQSTRRLSNRSINSSPTNMNRSPDFVYNSVDEAIQDDTKLKNIKHADNVTTSISLVAAELEDLHSGEQDTTAASMPLLPKLDDKFESKQSKP
A0A0C5XL88,MTTSFWRIATDARTYEADDLSGAGAKITGGRWNEVGVAIVYAASSRALACLETVVHLNSGGLPLNRYLVEIEVPDEVLASAEVATPGNLPVGWDAEPAGRVSISFGSQWAQSQRTALLLVPSVIVPEETNLLINPAHPDAKGIKARKVRKWLYDPRMIRKA
A0A0C6DRW4,MTLSPEKQHVRPRDAADNDPVAVARGLAEKWRATAVERDRAGGSATAEREDLRASGLLSLLVPREYGGWGADWPTAIEVVREIAAADGSLGHLFGYHLTNAPMIELIGSQEQEEHLYTQIAQNNWWTGNASSENNSHVLDWKVRATPTEDGGYVLNGTKHFCSGAKGSDLLFVFGVVQDDSPQQGAIIAAAIPTSRAGVTPNDDWAAIGMRQTDSGSTDFHNVKVEPDEVLGAPNAFVLAFIQSERGSLFAPIAQLIFANVYLGIAHGALDAAREYTRTQARPWTPAGIQQATEDPYTIRSYGEFTIALQGADAAAREAAHLLQTVWDKGDALTPEDRGELMVKVSGVKALATNAALNISSGVFEVIGARGTHPRYGFDRFWRNVRTHSLHDPVSYKIADVGKHTLNGQYPIPGFTS
A0A0D1DWQ2,MKLSVSIFVLLAVSAFGGGSAAAVSGKSEAAEIEAGDRLDALRDQLQRYETPIIQTILARSALGGRAPSEQDEVRAALSRNAFEPSEVISEWLQTESGARFRSTRPLPPAVEFITPVVLSRDTVLDKPVVGKGIFPIGRRPQDPTNMDEFLDTSLLSLNQSSTVDLASAVSLDVSLLHLVSARVLLGYPIALAKFDWLHDNFCHILTNTTLSKSQKLANIIQQLTDHKQEVNVLSRVEQKSKSLSHLFRNDIPYPPHTQDRILRLFQAYLIPITTQIEAAAILDHANKCT
A0A0D1DWZ5,MSDSIYAPHNKHKLEAARAADAAADDAATVSALVEPTDSTAQASHAAEQTIDAHQQAGDVEPERCHPHLTRPLLYLSGVDATMTDKELAGLVFDQVLPVRLKIDRTVGEGQTASGTVEFQTLDKAEKAYATVRPPIQLRINQDASIREPHPSAKPRLVKQLPPTSDDAFVYDLFRPFGPLRRAQCLLTNPAGIHTGFKGMAVLEFYSEQDAQRAESEMHCSEVGGKSISVAIDTATRKVSAAAAEFRPSAAAFVPAGSMSPSAPSFDPYPAGSRSVSTGSAASIYATSGAAPTHDTRNGAQKGARVPLQYSSQASTYVDPCNLFIKNLDPNMESNDLFDTFKRFGHIVSARVMRDDNGKSREFGFVSFTTPDEAQQALQAMDNAKLGTKKIIVRLHEPKTMRQEKLAARYNAANADNSDMSSNSPPTEARKADKRQSRSYFKAGVPSDASGLVDEEQLRSLSTVVRNELLSGEFTRRIPKVSSVTEAQLDDVVGELLSLKLADAVEALNNPISLIQRISDAREQLAQKSASTLTAPSPAPLSAEHPAMLGIQAQRSVSSASSTGEGGASVKERERLLKAVISVTESGAPVEDITDMIASLPKKDRALALFNPEFLKQKVDEAKDILDITDESGEDLSPPRASSGSAPVPLSVQTPASAIFKDASNGQSSISPGAAEAYTLSTLAALPAAEIVRLANSQSSSGLPLPKADPATVKATDDFIDSLQGKAAHDQKQKLGDQLFKKIRTFGVKGAPKLTIHLLDSEDLRALAHLMNSYEDVLKEKVQHKVAAGLNK
A0A0D1E015,MTIPDPANIIHNDAGTASPHHIWADVGDSTSSSQHEATRSRSDDANGGASASMHAPQHVKANRAAQPTYDSSDLPSFGLSARLTRDSSSFGSKPSSSASDSRRPKFAPYEAENLWATSSTTSHPSKASQSTLSPNASVFKPSRSLQPNHFEPHAVANVHDFDDPLNSAYSSDTVSPRPDHAPLDHEQPQQPSALDPVAVSKVEEQRGDHSIPHQNGLVSAQAQTASDAVSTSKYTTEAADQEEDQDDFVYPGADSPSSGQAAVQDEQQAVTDSQTTKSLTKQESDPEASSTSLSAPAEAEHIVVGSAAEQSLTSSAPAETAVHIDYDTLAQLCSRGPLSDLQSFFHTAQESGLSMFSLSNDPNPGNGLVPLHFAAKDGKTDIVRWLITQAGAIVEMEDREGETALHKAAMAGKLSVASLLLSHGADANAQDADGWTALHNACSRGYLDLVRLLVDRGHAQIDVQGGRGAWTPLMNAASKGHLPVVRHLTAKYHADPFVRNAAGETAFDVAAATFEVYICEILERYEAERWNASKFTTSSPSRSGAIVPGRGPYEPLALHTTIPVILHENQRLDTRLQTLALNGGKPRWSSSSAARAHKPDRRSPSSMPPGPLAPSRTRHVPMRQDDVGLPTRSLPYKLRLRSRVGPAAARRRAAALAAQHTPNPQDCHDDDLASTPTPESVLQARRGTSSVNGASAQHADAESSHFWLCEWQLDTTHPLVDVEHGWQYAQSFDALDDKWSSQPPPPLERLLEGRGLSASVTRAITGGAGFANAQAEQEISSSSWVRRRRWIRVLRRRLDIEFGDDLEACEGATGAGAEHLVLSSESQSNGDGSHGLSTAAIMAAQEAAKSECSQLGPDADYVSRAKALAGPSAASGATPADAMGADRDELARRIARLVMANTELRAAFEDDDVERRSRAEELRKEYALQLGQLREAAGLDEDEDEDAADDDDDEFIYPNSYKDDGASVFTRLVNGETSGTLSRPSLSQRQSSAASMLRNSVAPSEAGTSLAAARSADLAANREFRVPTNEAPNKVVLRHGPTMREQNLQPQWQRDEEAKDCIGCGRHFTFFLRKHHCRRCGRIFCDACSSKRAQLRMAELVVDPSLPSMAASEVLAPTRVCNGCHAELQLPPQLQNMRGADAMMAASRSRGADEVSGRSILETQLEDGAFRSTLAPPSDVSSRASELTECPVCSTTLSALGGSEEQEAHVRNCLENGGGGSMQGGRYLVYKLPEDSPIVGKECSICMEDFVANSTIARLPCLCYFHRGCIDSWFKRGRECPVHARDW
A0A0D2UG83,MAKSKKIVAATSGSRSRSSRAGLAFPVGRVHRLLRKGHFADRIGSGSAVYLAAVLEYLTAEILELAGNAARDNRKTRINPRHIQLAVRNDEELSKLFTGVVIPSGGTLPHIWPALIPNEAKDSSTASASFNAPAKSATVKALAAAKSAGKKPAAVSSSSAAASSSSSASSSSSVAPKKPVRGFTILSKKTLHLGQTLYVVNGDLTEVRCDAVVHPTNGTMSFAGQVGGAIRAAAGAGVDAEVNSYMSEHSQLQVTKAAITSGHNLPSKWIVHVHSPNYSNAATATDALTQTIRNALTLADTKSIKTIAFPSIGSGNNHFPKHIAAQTILQAISAYFMSIMSSSIKEVYFVLFDQESINVYNAELINTN
A0A0D4WV12,GDSRRPIWNIAHMVNDLDLVDEYLDDGANSLELDVEFSKSGTALRTYHGVPCDCFRSCTRSEKFSKYLDYIRQLTTPGNSKFRSRLILLVLDLKLNPLSSSAAYNAGADVARNLLDNYWQRGDSKARAYIVLSLETIAGAEFITGFKDTMKKEGFDEKYYDKIGWDFSGNEDLGKIRDVLESHGIREHIWQGDGITNCLPRDDNRLKQAISRRYSPTYVYADKVYTWSIDKESSIENALRLGVDGVMTNYPARVISVLGEREFSGKLRLATYDDNPWEK
A0A0F5HNH9,MKEELDAFHQIFTTTKEAIERFMAMLTPVIENAEDDHERLYYHHIYEEEEQRLSRLDVLIPLIEKFQDETDEGLFSPSNNAFNRLLQELNLEKFGLHNFIEHVDLALFSFTDEERQTLLKELRKDAYEGYQYVKEKLAEINARFDHDYADPHAHHDEHRDHLADMPSAGSSHEEVQPVAHKKKGFTVGSLIQ
A0A0F6B5X3,MKTMPQIAIESNERLSLRVSTDAKKLIVRAAAIQQTNLTDFVVSNILPVAQKIVDAAERVYLTERDTKMIMEILDNPPAPNEKLLAAAFALPDMKK
A0A0F6B5X4,MMFTDWHEAAIGKTHNRMNFDCGDADLNQFLQRHARQNHEKGTTKTYVALDNSDVTRIHGFYSVSPASLIYAQVPGAISKGLGRYDVPVFRLGRLAVDKSMQGQGLGAQLLLSAGKRCIQAALQVGGVALLIDAKNKQVCDWYKGFGAVPLNDQPLSLLLSFKTLYAALSASGRL
A0A0F6B8D8,MGRVTAPEPLSAFHQVAEFVSGEAVLDDWLKQKGLKNQALGAARTFVVCKKDTKQVAGFYSLATGSVNHTEATGNLRRNMPDPIPVIILARLAVDLSFHGKGLGADLLHDAVLRCYRVAENIGVRAIMVHALTEEAKNFYIHHGFKSSQTQQRTLFLRLPQ
A0A0F6B8D9,MLYKGCLMKSDVQLNLRAKESQRALIDAAAEILHKSRTDFILETACQAAEKVILDRRVFNFNDEQYEEFINLLDAPVADDPVIEKLLARKPQWDV
A0A0F7KYQ8,MLKVISSLLVYMTASVMAVASPLAHSGEPSGEYPTVNEIPVGEVRLYQIADGVWSHIATQSFDGAVYPSNGLIVRDGDELLLIDTAWGAKNTAALLAEIEKQIGLPVTRAVSTHFHDDRVGGVDVLRAAGVATYASPSTRRLAEAEGNEIPTHSLEGLSSSGDAVRFGPVELFYPGAAHSTDNLVVYVPSANVLYGGCAVHELSSTSAGNVADADLAEWPTSVERIQKHYPEAEVVIPGHGLPGGLDLLQHTANVVKAHKNRSVAE
A0A0G2KTI4,MSASPPISAGDYLSAPEPDALKPAGPTPSQSRFQVDLVTESAGDGETTVGFDSSPPEYVAEPPPDGLRDSVSGGEEAKGRFRVVNFAASSPDAAPAETAQNGDTVMSEGSLHSSTGGQQHHHYDTHTNTYYLRTFGHNTIDAVPKIDFYRQTAAPLGEKLIRPTLSELHDELDKEPFEDGFANGEELTPAEESAAKDVSESKGVVKFGWIKGVLVRCMLNIWGVMLFIRMTWIVGQAGIAYSCIIVIMATVVTTITGCSTSAIATNGFVRGGGAYYLISRSLGPEFGGSIGLIFAFANAVAVAMYVVGFAETVVELLMDSGLLMIDQTNDIRVIGTITVILLLGISVAGMEWEAKAQIFLLVILITAIFNYFIGSFIAVDSKKKFGFFSYDAGILAENFGPDFRGQTFFSVFSIFFPAATGILAGANISGDLADPQMAIPKGTLLAILITGLVYVGVAISAGACIVRDATGIESNFTLISNCTDAACKYGYDFSSCRPTVEGEVSSCKFGLHNDFQVMSVVSGFSPLISAGIFSATLSSALASLVSAPKVFQALCKDNIYPGIAIFGKGYGKNNEPLRGYFLTFGIALAFILIAELNVIAPIISNFFLASYALINFSVFHASLANSPGWRPSFKYYNMWASLAGAILCCVVMFIINWWAALLTNVIVLSLYIYVSYKKPDVNWGSSTQALTYHQALTHSLQLCGVADHIKTFRPQCLVMTGAPNSRPAILHLVHAFTKNVGLMLCGHVRISSRRPNFKELNSDMLRYQRWLLNNNSKAFYTCVVAEDLRQGTQYMLQAAGLGRLRPNTLVIGFKNDWRTGDIKEVETYINLIHDAFDFQYGVVILRLREGLDISHIQGQDDSSGMKDVVVSVDISKDSDGDSSKPSSKATSVQNSPAVQKDEDDDGKAHTQPLLKKDKKSPTVPLNVADQRLLDASQQFQQKQGKGTVDVWWLFDDGGLTLLIPYLIANKKKWKDCKIRVFIGGKINRIDHDRRAMATLLSKFRIDFSDITVLGDINTKPKSEGLTEFAEMIEPYKLREDDMEQEAAEKLKSEEPWRITDNELELYKAKGNRQIRLNELLKEHSSTANLIVMSMPLARKGAVSSALYMAWLDTLSKDLPPILLVRGNHQSVLTFYS
A0A0H2UNG0,MRKTPSHTEKKMVYSIRSLKNGTGSVLIGASLVLLAMATPTISSDESTPTTNEPNNRNTTTLAQPLTDTAAGSGKNESDISSPGNANASLEKTEEKPAASPADPAPQTGQDRSSEPTTSTSPVTTETKAEEPIEDNYFRIHVKKLPEENKDAQGLWTWDDVEKPSENWPNGALSFKDAKKDDYGYYLDVKLKGEQAKKISFLINNTAGKNLTGDKSVEKLVPKMNEAWLDQDYKVFSYEPQPAGTVRVNYYRTDGNYDKKSLWYWGDVKNPSSAQWPDGTDFTATGKYGRYIDIPLNEAAREFGFLLLDESKQGDDVKIRKENYKFTDLKNHSQIFLKDDDESIYTNPYYVHDIRMTGAQHVGTSSIESSFSTLVGAKKEDILKHSNITNHLGNKVTITDVAIDEAGKKVTYSGDFSDTKHPYTVSYNSDQFTTKTSWRLKDETYSYDGKLGADLKEEGKQVDLTLWSPSADKVSVVVYDKNDPDKVVGTVALEKGERGTWKQTLDSTNKLGITDFTGYYYQYQIERQGKTVLALDPYAKSLAAWNSDDSKIDDAHKVAKAAFVDPAKLGPQDLTYGKIHNFKTREDAVIYEAHVRDFTSDPAIAKDLTKPFGTFEAFIEKLDYLKDLGVTHIQLLPVLSYYFVNELKNHERLSDYASSNSNYNWGYDPQNYFSLTGMYSSDPKNPEKRIAEFKNLINEIHKRGMGAILDVVYNHTAKVDLFEDLEPNYYHFMDADGTPRTSFGGGRLGTTHHMTKRLLIDSIKYLVDTYKVDGFRFDMMGDHDAASIEEAYKAARALNPNLIMLGEGWRTYAGDENMPTKAADQDWMKHTDTVAVFSDDIRNNLKSGYPNEGQPAFITGGKRDVNTIFKNLIAQPTNFEADSPGDVIQYIAAHDNLTLFDIIAQSIKKDPSKAENYAEIHRRLRLGNLMVLTAQGTPFIHSGQEYGRTKQFRDPAYKTPVAEDKVPNKSHLLRDKDGNPFDYPYFIHDSYDSSDAVNKFDWTKATDGKAYPENVKSRDYMKGLIALRQSTDAFRLKSLQDIKDRVHLITVPGQNGVEKEDVVIGYQITAPNGDIYAVFVNADEKAREFNLGTAFAHLRNAEVLADENQAGPVGIANPKGLEWTEKGLKLNALTATVLRVSQNGTSHESTAEEKPDSTPSKPEHQNEASHPAHQDPAPEARPDSTKPDAKVADAENKPSQATADSQAEQPAQEAQASSVKEAVRNESVENSSKENIPATPDKQAELPNTGIKNENKLLFAGISLLALLGLGFLLKNKKEN
A0A0H2URG7,MTIYNINLGIGWASSGVEYAQAYRAGVFRKLNLSSKFIFTDMILADNIQHLTANIGFDDNQVIWLYNHFTDIKIAPTSVTVDDVLAYFGGEESHREKNGKVLRVFFFDQDKFVTCYLVDENKDLVQHAEYVFKGNLIRKDYFSYTRYCSEYFAPKDNVAVLYQRTFYNEDGTPVYDILMNQGKEEVYHFKDKIFYGKQAFVRAFMKSLNLNKSDLVILDRETGIGQVVFEEAQTAHLAVVVHAEHYSENATNEDYILWNNYYDYQFTNADKVDFFIVSTDRQNEVLQEQFAKYTQHQPKIVTIPVGSIDSLTDSSQGRKPFSLITASRLAKEKHIDWLVKAVIEAHKELPELTFDIYGSGGEDSLLREIIANHQAEDYIQLKGHAELSQIYSQYEVYLTASTSEGFGLTLMEAIGSGLPLIGFDVPYGNQTFIEDGQNGYLIPSSSDHVEDQIKQAYAAKICQLYQENRLEAMRAYSYQIAEGFLTKEILEKWKKTVEEVLHD
A0A0H2URJ6,MRNTKRAVVFAGDYAYIRQIETAMKSLCRHNSHLKIYLLNQDIPQEWFSQIRIYLQEMGGDLIDCKLIGSQFQMNWSNKLPHINHMTFARYFIPDFVTEDKVLYLDSDLIVTGDLTDLFELDLGENYLAAARSCFGAGVGFNAGVLLINNKKWGSETIRQKLIDLTEKEHENVEEGDQSILNMLFKDQYSSLEDQYNFQIGYDYGAATFKHQFIFDIPLEPLPLILHYISQDKPWNQFSVGRLREVWWEYSLMDWSVILNEWFSKSVKYPSKSQIFKLQCVNLTNSWCVEKIDYLAEQLPEVHFHIVAYTNMANELLALTRFPNVTVYPNSLPMLLEQIVIASDLYLDLNHDRKLEDAYEFVLKYKKPMIAFDNTCSENLSEISYEGIYPSSIPKKMVAAIRSYMR
A0A0H2URK1,MTETVEDKVSHSITGLDILKGIVAAGAVISGTVATQTKVFTNESAVLEKTVEKTDALATNDTVVLGTISTSNSASSTSLSASESASTSASESASTSASTSASTSASESASTSASTSISASSTVVGSQTAAATEATAKKVEEDRKKPASDYVASVTNVNLQSYAKRRKRSVDSIEQLLASIKNAAVFSGNTIVNGAPAINASLNIAKSETKVYTGEGVDSVYRVPIYYKLKVTNDGSKLTFTYTVTYVNPKTNDLGNISSMRPGYSIYNSGTSTQTMLTLGSDLGKPSGVKNYITDKNGRQVLSYNTSTMTTQGSGYTWGNGAQMNGFFAKKGYGLTSSWTVPITGTDTSFTFTPYAARTDRIGINYFNGGGKVVESSTTSQSLSQSKSLSVSASQSASASASTSASASASTSASASASTSASASASTSASVSASTSASASASTSASASASTSASESASTSASASASTSASASASTSASASASTSASESASTSASASASTSASESASTSASASASTSASASASTSASGSASTSTSASASTSASASASTSASASASISASESASTSASESASTSTSASASTSASESASTSASASASTSASASASTSASASASTSASASTSASESASTSASASASTSASASASTSASASASTSASASASTSASVSASTSASASASTSASASASTSASESASTSASASASTSASASASTSASASASTSASASASTSASASASTSASESASTSASASASTSASASASTSASASASTSASASASTSASASASISASESASTSASASASTSASASASTSASASASTSASESASTSASASASTSASASASTSASASASTSASASASTSASASASTSASASASTSASESASTSASASASTSASESASTSASASASTSASASASTSASASASTSASASASTSASASASTSASASASTSASASTSASESASTSASASASTSASASASTSASASASTSASESASTSASASASTSASASASTSASASASTSASASASTSASASASISASESASTSASASASTSASVSASTSASASASTSASESASTSASASASTSASESASTSASASASTSASASASISASESASTSASASASTSASASASTSASASASTSASESASTSTSASASTSASESASTSASASASTSASASASTSASASASTSASASASTSASASTSASESASTSASASASTSASASASTSASASASTSASASASTSASASASTSASASASTSASASASTSASASASTSASESASTSASASASTSASASASTSASASASTSASASASTSASVSASTSASESASTSASASASTSASASASTSASESASTSASASASTSASESASTSASASASTSASASASTSASASASTSASASASTSASASASTSASASASTSASASASTSASASASTSASASASTSASASASTSASASASTSASASASTSASASASISASESASTSASASASTSASASASTSASVSASTSASASASTSASASASISASESASTSASASASTSASASASTSASASASTSASASASISASESASTSASASASTSASASASTSASASASTSASASASTSASASASTSASASASTSASASASTSASASASTSASASASTSASESASTSASASASTSASASASTSASASASTSASVSASTSASESASTSASASASTSASASASTSASASASTSASESASTSASASASTSASASASTSASESASTSASASASTSASASASTSASASASTSASASASASTSASASASTSASASASTSASASASISASESASTSASESASTSTSASASTSASESASTSASASASTSASASASTSASASASTSASASTSASESASTSASASASTSASASASTSASASASTSASASASTSASASASTSASVSASTSASASASTSASASASTSASESASTSASASASTSASASASTSASASASTSASASASTSASASASTSASESASTSASASASTSASASASTSASASASTSASASASTSASASASISASESASTSASASASTSASASASTSASASASTSASESASTSASASASTSASASASTSASASASTSASASASTSASASASTSASASASTSASESASTSASASASTSASESASTSASASASTSASASASTSASASASTSASASASTSASASASTSASASASTSASASTSASESASTSASASASTSASASASTSASASASTSASESASTSASASASTSASASASTSASASASTSASASASTSASASASISASESASTSASASASTSASVSASTSASASASTSASESASTSASASASTSASESASTSASASASTSASASASISASESASTSASASASTSASASASTSASASASTSASESASTSTSASASTSASESASTSASASASTSASASASTSASASASTSASASASTSASASTSASESASTSASASASTSASASASTSASASASTSASASASTSASASASTSASASASTSASASASTSASASASTSASASASTSASASASTSASASASTSASESASTSASASASTSASASASTSASASASTSASVSASTSASESASTSASASASTSASASASTSASASASTSASESASTSASASASTSASASASTSASESASTSASASASTSASASASTSASASASTSASASASASTSASASASTSASASASTSASASASISASESASTSASASASASTSASASASTSASASASTSASASASISASESASTSASESASTSTSASASTSASESASTSASASASTSASASASTSASASASTSASASTSASESASTSASASASTSASASASTSASASASTSASASASTSASASASTSASVSASTSASASASTSASASASTSASESASTSASASTSASESASTSASASASTSASASASTSASASASTSASESASTSASASASTSASASASTSASESASTSASASASTSASASASTSASASASTSASESASTSASASASTSASESASTSASASASTSASASASTSASGSASTSTSASASTSASASASTSASASASISASESASTSASESASTSTSASASTSASESASTSASASASTSASASASTSASASASTSASASTSASESASTSASASASTSASASASTSASASASTSASASASTSASVSASTSASASASTSASASASTSASESASTSASASASTSASASASTSASASASTSASASASTSASASASTSASESASTSASASASTSASASASTSASASASTSASASASTSASASASISASESASTSASASASTSASASASTSASASASTSASESASTSASASASTSASASASTSASASASTSASASASTSASASASTSASASASTSASESASTSASASASTSASESASTSASASASTSASASASTSASASASTSASASASTSASASASTSASASASTSASASTSASESASTSASASASTSASASASTSASASASTSASESASTSASASASTSASASASTSASASASTSASASASTSASASASISASESASTSASASASTSASVSASTSASASASTSASESASTSASASASTSASESASTSASASASTSASASASISASESASTSASASASTSASASASTSASASASTSASESASTSTSASASTSASESASTSASASASTSASASASTSASASASTSASASASTSASASTSASESASTSASASASTSASASASTSASASASTSASASASTSASASASTSASASASTSASASASTSASASASTSASESASTSASASASTSASASASTSASASASTSASASASTSASVSASTSASESASTSASASASTSASASASTSASESASTSASASASTSASESASTSASASASTSASASASTSASASASTSASASASTSASASASTSASASASTSASASASTSASASASTSASASASTSASASASTSASASASTSASASASTSASASASISASESASTSASASASTSASASASTSASVSASTSASASASTSASASASISASESASTSASASASTSASASASTSASASASTSASASASISASESASTSASASASTSASASASTSASASASTSASASASTSASASASTSASASASTSASASASTSASASASTSASASASTSASESASTSASASASTSASASASISASESASTSASASASTSASASASTSASASASTSASESASTSTSASASTSASESASTSASASASTSASASASTSASASASTSASASASTSASASTSASESASTSASASASTSASASASTSASASASTSASASASTSASASASTSASASASTSASASASTSASASASTSASESASTSASASASTSASASASTSASASASTSASASASTSASVSASTSASESASTSASASASTSASASASTSASESASTSASASASTSASESASTSASASASTSASASASTSASASASTSASASASTSASASASTSASASASTSASASASTSASASASTSASASASTSASASASTSASASASTSASASASTSASASASISASESASTSASASASTSASASASTSASVSASTSASASASTSASASASISASESASTSASASASTSASASASTSASASASTSASASASISASESASTSASASASTSASASASTSASASASTSASASASTSASASASTSASASASTSASASASTSASASASTSASASASTSASASASTSASASASTSASASASTSASASASTSASASASTSVSNSANHSNSQVGNTSGSTGKSQKELPNTGTESSIGSVLLGVLAAVTGIGLVAKRRKRDEEE
A0A0H2URU9,MKKMMTFLKKAKVKAFTLVEMLVVLLIISVLFLLFVPNLTKQKEAVNDKGKAAVVKVVESQAELYSLEKNEDASLRKLQADGRITEEQAKAYKEYNDKNGGANRKVND
A0A0H2US87,MKIPEAVNHINVQNNIDLVDGKINPNKDTKALQKNISCVTNSSSSGISEKHLDHCADTVKSFLRKSIAAQSYSKMFSQGTSFKSLNLSIEAPSGARSSFRSLEHLDKVSRHYLSEIIQKTHPLSSDERHLLSIIINSDFNFRHQSNANLSNNTLNIKSFDKIKSENIQTYKNTFSEDIEEIANHDFVFFGVEISNHQETLPLNKTHHTVDFGANAYIIDHDSPYGYMTLTDHFDNAIPPVFYHEHQSFFLDNFKEVVDEVSRYVHGNQGKTDVPIFNTKDMRLGIGLHLIDFIRKSKDQRFREFCYNKNIDPVSLDRIINFVFQLEYHIPRMLSTDNFKKIKLRDISLEDAIKASNYEEINNKVTDKKMAHQALAYSLGNKKADIALYLLSKFNFTKQDVAEMEKMKNNRYCNLYDVEYLLSKDGANYKVLEYFINNGLVDVNKKFQKVNSGDTMLDNAMKSKDSKMIDFLLKNGAILGKRFEI
A0A0H2V871,MYAREYRSTRPHKAIFFHLSCLTLICSAQVYAKPDMRPLGPNIADKGSVFYHFSATSFDSVDGTRHYRVWTAVPNTTAPASGYPILYMLDGNAVMDRLDDELLKQLSEKTPPVIVAVGYQTNLPFDLNSRAYDYTPAAESRKTDLHSGRFSRKSGGSNNFRQLLETRIAPKVEQGLNIDRQRRGLWGHSYGGLFVLDSWLSSSYFRSYYSASPSLGRGYDALLSRVTAVEPLQFCTKHLAIMEGSATQGDNRETHAVGVLSKIHTTLTILKDKGVNAVFWDFPNLGHGPMFNASFRQALLDISGENANYTAGCHELSH
A0A0H2VG78,MKANKYLIFILGALGGLLYGYDNGVISGALLFIHKDIPLNSTTEGIVVSSMLIGAIVGAGSSGPLADKLGRRRLVMLIAIVFIIGALILAASTNLALLIIGRLIIGLAVGGSMSTVPVYLSEMAPTEYRGSLGSLNQLMITIGILAAYLVNYAFADIEGWRWMLGLAVVPSVILLVGIYFMPESPRWLLENRNEEAARQVMKITYDDSEIDKELKEMKEINAISESTWTVIKSPWLGRILIVGCIFAIFQQFIGINAVIFYSSSIFAKAGLGEAASILGSVGIGTINVLVTIVAIFVVDKIDRKKLLVGGNIGMIASLLIMAILIWTIGIASSAWIIIVCLSLFIVFFGISWGPVLWVMLPELFPMRARGAATGISALVLNIGTLIVSLFFPILSDALSTEWVFLIFAFIGVLAMIFVIKFLPETRGRSLEEIEYELRERTGARTE
A0A0H2WWV6,MKKIFMMVHELDVNKGGMTSSMFNRSKEFYDADIPADIVTFDYKGNYDEIIKALKKQGKMDRRTKMYNVFEYFKQISNNKHFKSNKLLYKHISERLKNTIEIEESKGISRYFDITTGTYIAYIRKSKSEKVIDFFKDNKRIERFSFIDNKVHMKETFNVDNKVCYQVFYDEKGYPYISRNINANNGAVGKTYVLVNKKEFKNNLALCVYYLEKLIKDSKDSIMICDGPGSFPKMFNTNHKNAQKYGVIHVNHHENFDDTGAFKKSEKYIIENANKINGVIVLTEAQRLDILNQFDVENIFTISNFVKIHNAPKHFQTEKIVGHISRMVPTKRIDLLIEVAELVVKKDNAVKFHIYGEGSVKDKIAKMIEDKNLERNVFLKGYTTTPQKCLEDFKLVVSTSQYEGQGLSMIEAMISKRPVVAFDIKYGPSDFIEDNKNGYLIENHNINDMADKILQLVNNDVLAAEFGSKARENIIEKYSTESILEKWLNLFNS
A0A0H2WZ38,MHELTIYHFMSDKLNLYSDIGNIIALRQRAKKRNIKVNVVEINETEGITFDECDIFFIGGGSDREQALATKELSKIKTPLKEAIEDGMPGLTICGGYQFLGKKYITPDGTELEGLGILDFYTESKTNRLTGDIVIESDTFGTIVGFENHGGRTYHDFGTLGHVTFGYGNNDEDKKEGIHYKNLLGTYLHGPILPKNYEITDYLLEKACERKGIPFEPKEIDNEAEIQAKQVLIDRANRQKKSR
A0A0H2X5R2,MHYLDNLLLNTDSYKASHWLQYPPGTDASFFYVESRGGVYDQTAFFGLQSILKEAINRPVTHADIDDAKALLAAHGEPFNEAGWRDIVDRLGGQLPIRIRAVPEGCVVPTHNVLMTIESTDAKAFWVPSYLETLLLRVWYPVTVATVSWQVKQIVRDFLQRTSDDPEGQLPFKLHDFGARGVSSLGSAALGGAAHLVNFLGTDTLSALLLARAHYHTPVAGYSIPAAEHSTITSWGREREVDAYRNMLTQFARPGAIVAVVSDSYDIYRAIREHWGTTLREEIIASGATVVIRPDSGDPVDVVEQCLLLLDEAFGHQVNGKGYKVLNHVRVIQGDGINPQSLRAILERITAAGYAADNVAFGMGGALLQKVDRDTQKFALKCSAVRVDGAWIDVYKDPITDQGKQSKRGRLTLLRDRATGQYRSALLDEVATHAGDSDDALVTVWENGQMLREWTLEQVRAHADAARL
A0A0H2ZFK2,MHRSPLAWLRLLLAAVLGAFLLGGPLHAAETAAPRSPAWAQAVDPSINLYRMSPTLYRSALPNAQSVALLQRLQVKTVVSFIKDDDRAWLGQAPVRVVSLPTHADRVDDAEVLSVLRQLQAAEREGPVLMHCKHGNNRTGLFAAMYRIVVQGWDKQAALEEMQRGGFGDEDDMRDASAYVRGADVDGLRLAMANGECSPSRFALCHVREWMAQALDRP
A0A0H2ZQ76,MKKKILASLLLSTVMVSQVAVLTTAHAETTDDKIAAQDNKISNLTAQQQEAQKQVDQIQEQVSAIQAEQSNLQAENDRLQAESKKLEGEITELSKNIVSRNQSLEKQARSAQTNGAVTSYINTIVNSKSITEAISRVAAMSEIVSANNKMLEQQKADKKAISEKQVANNDAINTVIANQQKLADDAQALTTKQAELKAAELSLAAEKATAEGEKASLLEQKAAAEAEARAAAVAEAAYKEKRASQQQSVLASANTNLTAQVQAVSESAAAPVRAKVRPTYSTNASSYPIGECTWGVKTLAPWAGDYWGNGAQWATSAAAAGFRTGSTPQVGAIACWNDGGYGHVAVVTAVESTTRIQVSESNYAGNRTIGNHRGWFNPTTTSEGFVTYIYAD
A0A0H2ZQB9,MTNLIATFQDRFGDWLTALSQHLQLSLLTLLLAILLAIPLAVYLRYHEKLADWVLQIAGIFQTIPSLALLGLFIPLMGIGTLPALTALVIYAIFPILQNTITGLKGIDPSLQEAGIAFGMTRWERLKKFEIPLAMPVIMSGIRTAAVLIIGTATLATLIGAGGLGSFILLGIDRNNASLILIGALSSAVLAIAFNFLLKVMEKAKLRTIFSGFALMALLLGLSYSPALLAQKEKENLIIAGKIGPEPEILANMYKLLIEENTSMTATVKPNFGTTSFLYEALKKGDIDIYPEFTGTVTESLLQPSPKVSHEPEQVYQVARDGIAKQDHLAYLKPMSYQNTYAVAVPKKIAQEYGLKTISDLKKVEGQLKAGFTLEFNDREDGNKGLQSMYGLNLNVATMQPALRYQAIHSGDIQITDAYSTDAELERYDLQVLEDDKQLFPPYQGAPLMKEALLKKHPELERVLNTLAGKITESQMSQLNYQVGVEGKSAKQVAKEFLQEQGLLKK
A0A0H3AIG7,MATLAYSIEVEGLEDETLVVRGFHGQESLSNSVFLGQACYGFRYEVQLASRVSNLTAEQMVDKRAELKLYRNSQLVQRVHGIVRAFSQGDIGHHHTFYQLTLVPALERLSLRHNSRIFQKQTVPEILSILLQEMGINDYAFALKRDGVQREFCVQYRESDIDFLHRLAAEEGLVYSFVHEAGKHTLYFSDASDSLSKLPEPIPYNALVGGAIDTPYIHGLTYRTQAEVSEVQLKDYSFKKPAYSFLQTVQGTELDYQQTRYQHFDAPGRYKDDVNGAAFSQIRLDYLRRHAHTATGQSNEPLLRAGYKFDLQEHLDPAMNRDWVVVSINHQGEQPQALQEDGGSGATTYSNQFSLIPGHLHWRAEPQPKPQVDGPMIATVVGPEGEEIFCDEHGRVKIHFPWDRYSNGNEQSSCWVRVSQGWAGSQYGFIAIPRIGHEVIVEFLNGDPDQPIITGRTYHATNTPPYTLPEHKTKTVLRTETHQGEGFNELSFEDQAGKEQIYLHAQKDFDGLIENDQFTQIKHNQHLTVEWESREAVTGEQVLSIEGSLHVKTGKVRVNEAGTEIHVKAGQKVVIEAGSEITVKAGGSFVKVDPAGVHLSGALVNLNSGGSAGSGSGFGGAMPALPGGLEPAVALAPPQTISYQALLQAEQANVPAVKVCPLAAQEATPAVNSITPPPPPPIAPPMAPPQPIMNPQPTANAQPNLGRSTKATPDFPTHFPKSSIGIENELAGLVVAMPANSAQKFGYVKSAQGDALFMLTKDMNQGSYQRPPSLQDGKNYQNWQTHTVELVSYPCEMDDKAAVETRKQAMLWLATHFTTHIDQSNHQPLAPIQSEDGRFVIEITNAKHVIAAGNGISAESQGQTITMTPSGQQATVGVAAKGFGTSATPELRLLESAPWYQKSLKSQFASLTSAENLDDKELAANVFAYLTSIYLKTAELAKKFGIYINEWDPMSEQITPNANGLTDPKVKNAWEILPRTKPSKIVEILSKSDAKAVMKHIKPQLQSRYSESLSKNVFQYFQDGGEVAGHGINNATVGDKHSPELAILFEFRTVPNELQSYLPKTESTTKSEVKLLDQFDPMKRKTVIQQVESLV
A0A0H3AMJ9,MEAILNKNMKILIVDDFSTMRRIVKNLLRDLGFNNTQEADDGLTALPMLKKGDFDFVVTDWNMPGMQGIDLLKNIRADEELKHLPVLMITAEAKREQIIEAAQAGVNGYIVKPFTAATLKEKLDKIFERL
A0A0H3GGY3,MKLAKKWRDWYIESGKKYLFPLLLVCFAVIAYFLVCQMTKPESYNVKLFQVAEKTIRSPQTVEDTEKTKEERTKASDAVEDVYVYNRETGQNRVALIQSLFAYVNEVNAEAQEKDTKNKEKAKKENKPAPAPTSTEDKLKNLKDKLSSNVSEKITSNISDEVFTTLIEAKSKDFNVMEDVVTTEVEKSMENKIRDENLNSVKIRARDDIELSAIPAYYKNVSKALVSYAIVPNEVYDEEQTDARRKEAAQSVVPVKILQGQVIVQEGQIVDRETYRQLKMLHLLDQKMPVKQYAGFAIFIIALAAILFLYTKKQTQPKAKKMQTMLIFSSVYLVSLFMLFIILFLETQNIANIAFLFPAAFAPMILKILLNEKYAFLSVIFIAVTSLLTFQNDATSGITIFILLSGATSVVMLRDYSRRSAIMLSGFMVGLINMIYVLLLLLINNSTLLQVSTLMALGYAFLGGFGAFILGVGVIPLFETIFGLLTTSRLVELANPNHPLLKKILMKAPGTYHHSMMVANLAEACADKIGANSLLVRVGCFYHDIGKTLRPPYFVENQLQGINPHDRLTPEQSRDIILSHTKDGAEILKENHMPQPIIDIALQHHGTTLLKYFYFKAKETNPDVKEADYRYSGPKPQTKEIAIINISDSVEAAVRSSTEPTMAKITEIIDGIIKDRFLDGQFTECDITIQEIKIIRDTLIATLNGIYHQRIQYPDDKD
A0A0H3JN63,MHELTIYHFMSDKLNLYSDIGNIIALRQRAKKRNIKVNVVEINETEGITFDECDIFFIGGGSDREQALATKELSKIKTPLKEAIEDGMPGLTICGGYQFLGKKYITPDGTELEGLGILDFYTESKTNRLTGDIVIESDTFGTIVGFENHGGRTYHDFGTLGHVTFGYGNNDEDKKEGIHYKNLLGTYLHGPILPKNYEITDYLLEKACERKGIPFEPKEIDNEAEIQAKQVLIDRANRQKKSR
A0A0H3JNB0,MKKVSVIMPTFNNGEKLHRTISSVLNQTMKSTDYELIIIDDHSNDNGETLNVIKKYKGLVRFKQLKKNSGNASVPRNTGLKMSKAEYVFFLDSDDLLHERALEDLYNYGKENNSDLIIGKYGVEGKGRSVPKAIFEKGNVAKADIIDNSIFYALSVLKMFKKSVIDKNKIKFKTFSKTAEDQLFTIEFLMNSKNYSIKTDYEYYIVVNDFESSNHLSVNKSTGNQYFATINEIYKAIYKSPIYKNQEKRHQLAGKYTTRLLRHGQKKNFANSKMKYEDKIEWLNNFSKTINKVPRDSDKYVTQIFNLKLEAIRQNDLLAVMIADKLL
A0A0H3JPC6,MMKFSVIVPTYNSEKYITELLNSLAKQDFPKTEFEVVVVDDCSTDQTLQIVEKYRNKLNLKVSQLETNSGGPGKPRNVALKQAEGEFVLFVDSDDYINKETLKDAAAFIDEHHSDVLLIKMKGVNGRGVPQSMFKETAPEVTLLNSRIIYTLSPTKIYRTALLKDNDIYFPEELKSAEDQLFTMKAYLNANRISVLSDKAYYYATKREGEHMSSAYVSPEDFYEVMRLIAVEILNADLEEAHKDQILAEFLNRHFSFSRTNGFSLKVKLEEQPQWINALGDFIQAVPERVDALVMSKLRPLLHYARAKDIDNYRTVEESYRQGQYYRFDIVDGKLNIQFNEGEPYFEGIDIAKPKVKMTAFKFDNHKIVTELTLNEFMIGEGHYDVRLKLHSRNKKHTMYVPLSVNANKQYRFNIMLEDIKAYLPKEKIWDVFLEVQIGTEVFEVRVGNQRNKYAYTAETSALIHLNNDFYRLTPYFTKDFNNISLYFTAITLTDSISMKLKGKNKIILTGLDRGYVFEEGMASVVLKDDMIMGMLSQTSENEVEILLSKDIKKRDFKNIVKLNTAHMTYSLK
A0A0H3JRU9,MKQIKKLLVANRGEIAIRIFRAAAELDISTVAIYSNEDKSSLHRYKADESYLVGSDLGPAESYLNIERIIDVAKQANVDAIHPGYGFLSENEQFARRCAEEGIKFIGPHLEHLDMFGDKVKARTTAIKADLPVIPGTDGPIKSYELAKEFAEEAGFPLMIKATSGGGGKGMRIVREESELEDAFHRAKSEAEKSFGNSEVYIERYIDNPKHIEVQVIGDEHGNIVHLFERDCSVQRRHQKVVEVAPSVGLSPTLRQRICDAAIQLMENIKYVNAGTVEFLVSGDEFFFIEVNPRVQVEHTITEMVTGIDIVKTQILVAAGADLFGEEINMPQQKDITTLGYAIQCRITTEDPLNDFMPDTGTIIAYRSSGGFGVRLDAGDGFQGAEISPYYDSLLVKLSTHAISFKQAEEKMVRSLREMRIRGVKTNIPFLINVMKNKKFTSGDYTTKFIEETPELFDIQPSLDRGTKTLEYIGNVTINGFPNVEKRPKPDYELASIPTVSSSKIASFSGTKQLLDEVGPKGVAEWVKKQDDVLLTDTTFRDAHQSLLATRVRTKDMINIASKTADVFKDGFSLEMWGGATFDVAYNFLKENPWERLERLRKAIPNVLFQMLLRASNAVGYKNYPDNVIHKFVQESAKAGIDVFRIFDSLNWVDQMKVANEAVQEAGKISEGTICYTGDILNPERSNIYTLEYYVKLAKELEREGFHILAIKDMAGLLKPKAAYELIGELKSAVDLPIHLHTHDTSGNGLLTYKQAIDAGVDIIDTAVASMSGLTSQPSANSLYYALNGFPRHLRTDIEGMESLSHYWSTVRTYYSDFESDIKSPNTEIYQHEMPGGQYSNLSQQAKSLGLGERFDEVKDMYRRVNFLFGDIVKVTPSSKVVGDMALYMVQNDLDEQSVITDGYKLDFPESVVSFFKGEIGQPVNGFNKDLQAVILKGQEALTARPGEYLEPVDFEKVRELLEEEQQGPVTEQDIISYVLYPKVYEQYIQTRNQYGNLSLLDTPTFFFGMRNGETVEIEIDKGKRLIIKLETISEPDENGNRTIYYAMNGQARRIYIKDENVHTNANVKPKADKSNPSHIGAQMPGSVTEVKVSVGETVKANQPLLITEAMKMETTIQAPFDGVIKQVTVNNGDTIATGDLLIEIEKATD
A0A0H3JUU7,MRQWTAIHLAKLARKASRAVGKRGTDLPGQIARKVDTDVLRKLAEQVDDIVFISGTNGKTTTSNLIGHTLKANNIQIIHNNEGANMAAGITSAFIMQSTPKTKIAVIEIDEGSIPRVLKEVTPSMMVFTNFFRDQMDRFGEIDIMVNNIAETISNKGIKLLLNADDPFVSRLKIASDTIVYYGMKAHAHEFEQSTMNESRYCPNCGRLLQYDYIHYNQIGHYHCQCGFKREQAKYEISSFDVAPFLYLNINDEKYDMKIAGDFNAYNALAAYTVLRELGLNEQTIKNGFETYTSDNGRMQYFKKERKEAMINLAKNPAGMNASLSVGEQLEGEKVYVISLNDNAADGRDTSWIYDADFEKLSKQQIEAIIVTGTRAEELQLRLKLAEVEVPIIVERDIYKATAKTMDYKGFTVAIPNYTSLAPMLEQLNRSFEGGQS
A0A0H3KB22,MTYAVKEIFYTLQGEGANAGRPAVFCRFAGCNLWSGREEDRAQAVCRFCDTDFVGTDGENGGKFKDADALVATIAGLWPAGEAHRFVVCTGGEPMLQLDQPLVDALHAAGFGIAIETNGSLPVLESIDWICVSPKADAPLVVTKGNELKVVIPQDNQRLADYAKLDFEYFLVQPMDGPSRDLNTKLAIDWCKRHPQWRLSMQTHKYLNIP
A0A0H3LM39,MNQPSSLAADLRGAWHAQAQSHPLITLGLAASAAGVVLLLVAGIVNALTGENRVHVGYAVLGGAAGFAATALGALMALGLRAISARTQDAMLGFAAGMMLAASAFSLILPGLDAAGTIVGPGPAAAAVVALGLGLGVLLMLGLDYFTPHEHERTGHQGPEAARVNRVWLFVLTIILHNLPEGMAIGVSFATGDLRIGLPLTSAIAIQDVPEGLAVALALRAVGLPIGRAVLVAVASGLMEPLGALVGVGISSGFALAYPISMGLAAGAMIFVVSHEVIPETHRNGHETTATVGLMAGFALMMFLDTALG
A0A0H3MDW1,MAGPKHVLLVSEHWDLFFQTKELLNPEEYRCTIGQQYKQELSADLVVCEYSLLPREIRSPKSLEGSFVLVLLDFFDEETSVDLLDRGFWYLIRPITPRILKSAISLFLSQHSLHSVPESIRFGPNVFYVLKLTVETPEGSVHLTPSESGILKRLLINKGQLCLRKHLLEEIKNHAKAIVARNVDVHIASLRKKLGAYGSRIVTLRGVGYLFSDDGDKKFSQQDTKLS
A0A0H3NK84,MIPPLNRYVPALSKNELVKTVTNRDIQFTSFNGKDYPLCFLDEKTPLLFQWFERNPARFGKNDIPIINTEKNPYLNNIIKAATIEKERLIGIFVDGDFFPGQKDAFSKLEYDYENIKVIYRNDIDFSMYDKKLSEIYMENISKQESMPEEKRDCHLLQLLKKELSDIQEGNDSLIKSYLLDKGHGWFDFYRNMAMLKAGQLFLEADKVGCYDLSTNSGCIYLDADMIITEKLGGIYIPDGIAVHVERIDGRASMENGIIAVDRNNHPALLAGLEIMHTKFDADPYSDGVCNGIRKHFNYSLNEDYNSFCDFIEFKHDNIIMNTSQFTQSSWARHVQ
A0A0H3PJK4,MQINLLNDFIKAYENTYSVSFDDSFKGRIQELCKELNEPFMHASYALENELKELVFSLDKNVNIAIIGQFSSGKSSLLNLILGRDCLPTGVVPVTFKPTFLRYAKEYFLRVEFEDGSDIITNIEKLAFYTDQRNEVKQAKSLHIFAPIPLLEKITLVDTPGLNANENDTLTTLDELKNIHGAIWLSLIDNAGKKSEEDAIKANLELLGENSICVLNQKDKLSAEELDNVLNYAKSVFLKYFNELIAISCKEAKDEQSYEKSNFQSLLDFLTQLDTTVLKEKFVKRKILNLCEILEDENQLFVGIFDRLLNQFQSYEKHLLLAYENFLKEIEILNHQILEQLKSISERISSEIFASVKEKDAYFYKESKGFLKKDLYTRYDYKAPYISSDDAFLAMFYNSDVMSKEFKKIKNELYKSFEEIKMKLKDFINILEREILLFKAEFSNIQKDHIFQSDKNFSELRAFCNASDEYFLKDFKELLFKSILELDLFFEKLNLKAFTNYENATKLSLAFFSRKINESRVLYELDSSEFVLFYPKKSEIYERVLNELNVYEFETLLINKPILTKIAKNFLEQSQNLIQEKNKFLDLKKAELQKRRAQILNVRESIKED
A0A0J5ZXG5,MALADDLKKWVGETFTGKWEVQETTSVPNPEDLRLNSNHAKDLKAATVLYADLDGSTDMVNTKKWQFSAQIYKTFLKCASDIIRDEGGNITAYDGDRVMAVFTGNSKNTSAARCALKINSAVLDIIQPAIAKKWQTDFVLRHVVGIDTSQLRTARIGIRGDNDLVWIGRAANYAAKLTNLAGKPTRITADVYNKLADKLKYANGVDMWAPEHWDDMGIWTYTSTWKWTV
A0A0J9X285,MRPTVLCFSGLDPSGGAGLQADIEAIGQSGAHAAIACTALTIQNSQQVFGFEATSKELLLAQANAVVGDLPIKCVKSGMLGTTDNIAALAEFLRAHPDYQYVLDPVLVANSGGSLGDQATLVKAFVELIPLATLITPNTVELRALTGVTDLDQATQKLFEMGAKAVLVKGGHEDTPDFIKNSLYIDGELAASSTCPRLEGEYHGSGCSLASFIAGRLALGDSLKIAVQHAETWLFGVLKNAETPVLNGQKIPKRF
A0A0K0MJN3,MCDQFVGTWKFLSSENFEDYMKELGVGFATRKMAGVAKPNVTISINGDVITIKTESTFKNTEVSFRLGEEFDETTADDRKTKNVITLDNGILNQVQKWDGKETVIKRKVMDGNLVVECTMNTVTSKRVYERA
A0A0K2JL82,MTRPPAPPPGAPGADELLDCGLLSPVRAGTPVEALVCDSAWLQAMLDAEAALTRAQARTGFLPAAAAEAITAAARADRIDLLAVARGARETANPVVGLVAALTAAVRRDDPAAAEYVHRGSTSQDVLDTGAMLVARRALRLIGDDLDRAADALAALAADHRDTPMAGRTLALHAVPTTFGLKAAGWLELVSEAAGRVARLRDGLPFSLGGAAGTLAGYFGDRTDRGDPAVLLDRLLDAYAAETGLARPVLPWHVLRTPVADLAAVLAFTAGALGKIAVDVQSLARTEVAEVAEPAVEGRGASSAMPHKRNPVLSTLIRSAALQVPALATGLTQCLVSEDERSAGAWHAEWQPLRECLRLTGGAARTAVELAAGLEVDAARMRANLDLTDGRIVSESVAVALTPLLGRQAAKELLTRAAFTAGHEGRTLGEVLGELPELDGVLPKERWEALLDPARATGVAGALVDGALARRRPPAR
A0A0K8P6T7,MNFPRASRLMQAAVLGGLMAVSAAATAQTNPYARGPNPTAASLEASAGPFTVRSFTVSRPSGYGAGTVYYPTNAGGTVGAIAIVPGYTARQSSIKWWGPRLASHGFVVITIDTNSTLDQPSSRSSQQMAALRQVASLNGTSSSPIYGKVDTARMGVMGWSMGGGGSLISAANNPSLKAAAPQAPWDSSTNFSSVTVPTLIFACENDSIAPVNSSALPIYDSMSRNAKQFLEINGGSHSCANSGNSNQALIGKKGVAWMKRFMDNDTRYSTFACENPNSTRVSDFRTANCS
A0A0K8P8E7,MQTTVTTMLLASVALAACAGGGSTPLPLPQQQPPQQEPPPPPVPLASRAACEALKDGNGDMVWPNAATVVEVAAWRDAAPATASAAALPEHCEVSGAIAKRTGIDGYPYEIKFRLRMPAEWNGRFFMEGGSGTNGSLSAATGSIGGGQIASALSRNFATIATDGGHDNAVNDNPDALGTVAFGLDPQARLDMGYNSYDQVTQAGKAAVARFYGRAADKSYFIGCSEGGREGMMLSQRFPSHYDGIVAGAPGYQLPKAGISGAWTTQSLAPAAVGLDAQGVPLINKSFSDADLHLLSQAILGTCDALDGLADGIVDNYRACQAAFDPATAANPANGQALQCVGAKTADCLSPVQVTAIKRAMAGPVNSAGTPLYNRWAWDAGMSGLSGTTYNQGWRSWWLGSFNSSANNAQRVSGFSARSWLVDFATPPEPMPMTQVAARMMKFDFDIDPLKIWATSGQFTQSSMDWHGATSTDLAAFRDRGGKMILYHGMSDAAFSALDTADYYERLGAAMPGAAGFARLFLVPGMNHCSGGPGTDRFDMLTPLVAWVERGEAPDQISAWSGTPGYFGVAARTRPLCPYPQIARYKGSGDINTEANFACAAPP
A0A0L8FVQ9,MIFVIYLVFILISSIPIVKSTPTYGDERLLREKLLTNYSKSIRPVINLTKVVDVTALLYLQTLYDLDFVNNFIMARYYLGLIWIDEKLTWNPLDYNNITSIYLPKDKIWTPPIKMCNSMDKSEENDGVGELMLTYTGWINMWSFRLLHTYCQINAYTYPFDEHTCEIYLCVALHTINHTRIKELIYEDSKFTQNYKWDINVSGKVNGTDELFSYAFAPMYLRRKLTVGIIAMLIPTVMMTILTIFVFLLPPESGEKVSLATTIFLSNVLYLVQIDKTTPTNTKYPSLLMLYLMLLSMLSGIATLGSVVISKLYVIQSPSLRKSNPSDQNMNKSHTNKVADISTISKVQSDLPIREKPNEKRIYCISDYIRLDDIFLKLSIATSVIISMIFTCLLFIPLE
A0A0M0ELU2,MNGERIIAFQGRPGAYSDLACRQARPGWTTLPCQTFAQTIAAVHDGRAELAMLACENSLAGRVPDIHALLPEAGLFIVGEHFQRVEHCLLGIPGSTLADARRIHTHPVAMAQVRGIITELGLDPVVEFDTAGAAEMVREWGRKEDVAVASALAAELNGLEILRRNVEDATHNTTRFYIASRRPATLPPPGPGFMTTLLFRVNNQPGALYKALGGLATAGVNMTRLESYMLEGSFSATQFLMDVEGHPEAPPLARALDELSFFSEQQEILGVYPASPFRRKP
A0A0M3Q1Q3,MRRSGNYQAPVWNNDFIQSFSTDKYKDEKFLKKKEELIAQVKVLLNTKMEAVKQLELIEDLRNLGLTYYFEDEFKKILTSIYNEHKGFKNEQVGDLYFTSLAFRLLRLHGFDVSEDVFNFFKNEDGSDFKASLGENTKDVLELYEASFLIRVGEVTLEQARVFSTKILEKKVEEGIKDEKLLAWIQHSLALPLHWRIQRLEARWFLDAYKARKDMNPIIYELGKIDFHIIQETQLQEVQEVSQWWTNTNLAEKLPFVRDRIVECYFWALGLFEPHEYGYQRKMAAIIITFVTIIDDVYDVYDTLDELQLFTDAIRKWDVESISTLPYYMQVCYLAVFTYASELAYDILKDQGFNSISYLQRSWLSLVEGFFQEAKWYYAGYTPTLAEYLENAKVSISSPTIISQVYFTLPNSTERTVVENVFGYHNILYLSGMILRLADDLGTTQFELKRGDVQKAIQCYMNDNNATEEEGTEHVKYLLREAWQEMNSAMADPDCPLSEDLVFAAANLGRTSQFIYLDGDGHGVQHSEIHNQMGGLIFEPYV
A0A0N7CSQ4,MLKSFCILSVFMVLFLAKFPDLCSGEEISPLKIVVRNSEYLNNPCNGVTCPSGYRCSIVDKQCIKKEK
A0A0P0XII1,MEASTSLLVLVLAAAAFAAGTVTEAAGDGCSAGCDLALASFYVTPNQNVTNMADLFGIGAANYRSLAPYNPNIPNLDFINVGGRVNVYFTCGCRSLPGSPGATYLAGAFPFQMSRGQIYTSVAANYNNLTTAEWLQATNSYPANNIPDTAVINATVNCSCGDASISPDYGLFLTYPLRAEDTLASVAATYGLSSQLDVVRRYNPGMESATGSGIVYIPVKDPNGSYLPLKSPGKGASAGAIAGGVVAGVVVLAAIFLYIIFYRRRKAKQATLLQSSEDSTQLGTISMDKVTPSTIVGPSPVAGITVDKSVEFSYEELSNATQGFSIGNKIGQGGFGAVYYAELRGEKAAIKKMDMQATHEFLAELKVLTHVHHLNLVRLIGYCIESSLFLVYEFIENGNLSQHLRGMGYEPLSWAARIQIALDSARGLEYIHEHTVPVYIHRDIKSANILIDKNYRAKVADFGLTKLTEVGGTSMPTGTRVVGTFGYMPPEYARYGDVSPKVDVYAFGVVLYELISAKEAIVRSTESSSDSKGLVYLFEEALNSPDPKEGLRTLIDPKLGEDYPIDSILKLTQLAKVCTQEDPKLRPSMRSVVVALMTLSSTSEFWDMNNLYENQGLVNLMSGR
A0A0P0ZD79,MSQSSDFILNSTLSSVVERSTPDIAGFCSGYELRRHHHEHLANEGSLRCRTDWEQFIGPIERWGSCNPWEGHFGAVVLPFCKPERLAVICYIFEYAFLYDNVVESAAKSTLNLNTDNIALDETEYRTVRSILGTKQIQSKMLLELLSIDAPRAEVVINSWKEMISTTAKKDKTRAFNNLEEYVDYRIIDTGAPFVDMLMRFGMGIMLTQEEQKRIEPIVKPCYAALGLANDYFSFDIEWEEFQAESDKTTMTNAVWLFMQWENLNAEQAKRRVQEVTKQYEQQYLRNIADFAAGEGKENIKLQTYLKAQGYQVPGNVAWSLRCPRYHPWLCKEAASLLHQDTIQELEAGRKPQALEEYRSRSHSESDLSDASPTFWSGSCRSSARSSVSSAFGPPDKDISITPAILGDEHLLGPAEYISSLPSKGVREAFIDGLNVWLVLPDHRVNQLKSIAQTLHNASLMLDDIEDHSPLRRGRPSTHMIFGTEQTINSANFLLIDVMEKVRQLDDPRCMDIYLEEMRNLFIGQSFDLYWTRNGECPSEEQYLDMIRQKTGGLFRLLTRMMVQIAPVQQKGLETQLASLSDVLGEFFQVRDDYKNLTEEYTGQKGFCEDLDECKFSYPLIHALTSQPKNVQLRGILQQSRSAGGLDVPLKETVLSHLRQAGSIEYTEAKMGELMEKITDSVVSLEGETGSPNWVVRLLIHRLKV
A0A0P6JG37,MLGRSRLTFVLLAAAVTCAEAQHAPPWTEDCRKSTYPPSGPTYRGPVPWYTINLDLPPYKRWHELMVDKGPMLKIIVNSFKNMVNTFVPSGKVMQMVDQKLPDLLGQFSGPYEEEMKGIADVTEIPLGEIISFNIFYELFTMCTSIITEDKKGHLLHVRNMDFGIFLGWNINNNTWVITEELKPLTVNLDFQRNSKTVFKATSFAGYVGMLTGFKPGQFSLTLNERFSMNGGYLGLLEWILGKKDASWIGFITRSVLENATSYEEAKNILAKTKLLAPAYFILGGNQSGEGCVITRERKDSLDIYELDPKQGRWYVVQTNYDRWKNPLFLDDRRTPAQTCLKRTTQENLSFATLYDILSTKPVLNKLTVFTALMDVTKNHYEAYLRDCPDPCVGW
A0A0R4IKJ1,MTSENHTTIKADSALVMSPTGSTSQAAPFSPSTSKPIQELPDELIQAGWSKCWSKRENRPYYFNRFTNQSLWEMPVLGQHDVISDPLGLNAAPASGEANADAGLGNGQRKRHPSEDASQAGPNSFKRPKVEIPATPTTPTVPISPSTPGVKPWVNTTTDEKQGQASTPAPAPYRPSVVYWDLDIQTNAVIRERAPADHLPPHPEIELQRAQLTTKLRQHYHELCSQREGIEPPRESFNRWLLERKVVDKGLDPLLPSECDPVISPSMFREIMNDIPIRLSRIKYKEEARKLLFKYAEAAKKMIDSRNATPESRKVVKWNVEDTMNWLRRDHSASKEDYMDRLEHLRKQCGPHVASVAKDSVEGICSKIYHISAEYVRRIRQAHLTLLKECNISVDGTESAEVQDRLVYCYPVRLSIPAPPQTRVELHFENDIACLRFKGEMVKVSRGHFNKLELLYRYSCIDDPRFEKFLSRVWCLIKRYQVMFGSGVNEGSGLQGSLPVPVFEALNKQFGVTFECFASPLNCYFKQFCSAFPDIDGFFGSRGPFLSFSPASGSFEANPPFCEELMDAMVTHFEDLLGRSSEPLSFIIFVPEWRDPPTPALTRMEASRFRRHQMTVPAFEHEYRSGSQHICKREEIYYKAIHGTAVIFLQNNAGFAKWEPTTERIQELLAAYKVSGRSLPSPGPSSTNTGEKDSKPAPERTAPSQDNSSPVDKTAQDTTNT
A0A0R4IMY7,MDEAALEPTLVQTLAVSTAKGGRYLSLSPSFQRCSLASWIKENIKKKECCFYVEDGREGICKCGYPKVQHCDEAIKPEDYMGEQWDKHRHVRETPTDAFGDISFGGLGQKTGKYVRVSSDTSCENLYQLMTEQWKLRSPNLLISVTGGAKNFYIKTHLKDKFRRGLIKVAQTTGAWILTGGTHAGVMKHVGMAVRDYTLSSGSMEGQIVVIGVAPWGVIHNRSTLIHPEGRFPAYYSLDEQGQGRLSCLDINHTHFLLVDDGTQGHYGVEIELRARLEKLISKLSLGNRESGVTIPVVCVVLDGGPGTLNTIYNSMLNHTPCVVLEGSGRLADVIAHVASVPVSKVTMALINRLLKRFFMQEYKNFTELQIIEWTKKIQDILRMPHLLTVFRIDEDKNYDVDVAILQALLKASRSDEHAGRHCWERQLELAVAWNRVDIAESEIFTEESQWTSSDLHPAMFSALVGDKPEFVRLLLENGVCVREFLEREETLCELYSHLPSCFFLRKLAKRVQGGKMRRGQEPLPGSRKVCLSHVSEEVRHLLGSFTQPLYIASRYKPTKDDVRLKVPSKGALDLPCSGEEWSADTVWDPGRDLFLWAVVQNNRELAEIGWEQCRDCIAAALAASKILRKLAQESGEDDSEEATEMLELANHYEKQAIGVFSECHSWDAQRAQKLLIRISPSWGRSTCLWLALEAHDKSFIAHSGVQALLTQIWCGELSVDNPHWKVLLCMIFFPLIYTGFLTFRRDEDIQRQAERTEQQKLAMESVFAGQSDGKIKRHLRGFSQKSELKPLNCSSRLMSFLKSPQVKFYWNIASYFGFLWLFAVVLMIDFQTSPSWRELLLYVWLTSLVCEEIRQLYHDFDGSGFRRKAKMYIKDLWNILDVLSIVLFIAGLICRLQASDTVFYIGKVILCIDFIIFCLRLMAIFSISRTLGPKIIIVRRMMLDLFFFMFLLSIWVVAYGVAKQGILIENEERLNWIIRGAVYEPYITIFGNFPTNIDNTLFDISSCSVNASDPLKPKCPMLNADNTPVFPEWLTIMMLCVYLLFANILLLNLLIAIFNYTFQEVQDNTDTIWKFQRYELIKEYHSRPALPPPFILLSHLILFIRGVFLRDLPQRHKNFRQELEQTEEEELLSWEAYMKDNYLASTRQDESQSVEHRIHDTAEKVGAMSELLEREQEMVSATMAKRLARLEEQVSESAKALRWIIDALKSQGCKSKVQPPLMRSKSSDRDDGDSSGQETDDEEAPHMFARQLQYPDSTVRRFPVPEEKVSWEVNFSPYQPPVYNQQDSSESDTSALDKHRNPGGRTGIRGKGALNTLGPNHILHPIFTRWRDAEHKVLEFLAVWEDAEKRWALLGGPAQPDEPLAQVLERILGKKLNEKTKTLLKAGEEVYKGYVDDSRNTDNAWVETSIITLHCDKNTPLMADLNHMVESSLSSHQPLQWREVSSDACRCSYQREALRQIAHHHNTYF
A0A0R6L508,MMQHTSVWYRRSVSPFVLVASVAVFLTATANLTFFDKISQTYPIADNLGFVLTIAVVLFGAMLLITTLLSSYRYVLKPVLILLLIMGAVTSYFTDTYGTVYDTTMLQNALQTDQAETKDLLNAAFIMRIIGLGVLPSLLVAFVKVDYPTWGKGLMRRLGLIVASLALILLPVVAFSSHYASFFRVHKPLRSYVNPIMPIYSVGKLASIEYKKASAPKDTIYHAKDAVQATKPDMRKPRLVVFVVGETARADHVSFNGYERDTFPQLAKIDGVTNFSNVTSCGTSTAYSVPCMFSYLGADEYDVDTAKYQENVLDTLDRLGVSILWRDNNSDSKGVMDKLPKAQFADYKSATNNAICNTNPYNECRDVGMLVGLDDFVAANNGKDMLIMLHQMGNHGPAYFKRYDEKFAKFTPVCEGNELAKCEHQSLINAYDNALLATDDFIAQSIQWLQTHSNAYDVSMLYVSDHGESLGENGVYLHGMPNAFAPKEQRSVPAFFWTDKQTGITPMATDTVLTHDAITPTLLKLFDVTADKVKDRTAFIR
A0A0S2GKZ1,MKYSILGLTALSFVASAAAHTLVWGVWVNGVDQGDGRNIYIRSPPNNNPVKNLTSPDMTCNVDNRVVPKSVPVNAGDTLTFEWYHNTRDDDIIASSHHGPIAVYIAPAASNGQGNVWVKLFEDAYNVTNSTWAVDRLITAHGQHSVVVPHVAPGDYLFRAEIIALHEADSLYSQNPIRGAQFYISCAQITINSSDDSTPLPAGVPFPGAYTDSTPGIQFNIYTTPATSYVAPPPSVWSGALGGSIAQVGDASLE
A0A0X1KHF9,MKPYVLKFQEIRPHSEALVGGKGMNLGACSNIEGVHVPAGFCLTTEAYKRTLAENNEFTQLLQRLSSLKTSDMDAIREISETIRTLIQHTQIPSEIASYMDATLLDVGGYEMPFAVRSSATAEDLPHASFAGQHDTYLNIIGKDALLQHISMCWASLFTERAIIYRIQNQFDHRKVQLAVVIQQMISPEASGILFTADPITSNRKSLSIDASFGLGEALVSGLVSADSYTVRENTITNKIIATKKLAIYSLKEGGTETRILEKSQQTKQTLTDQQIIQLAKLGRKIEAYFGKPQDIEWCLAEGAFYIVQSRPITTLYPIPEVNEPGNRVYISVAHQQMMTDAMKPLGLSFYLMTTPATMYTAGGRLFVDITQSLSAKVSRDMMVNSLGQSDPLIKDALLTVINKKGFLPPLPTEENPSHATVSGKPPVRSIPDSSSVFELVRNSENSIKHLKQSIETKSGSDLFDFIVEDLEELKRVLFNPTSIDAIMAGMDASAWLNEHIYQWLGEKNVADKLSESAPNNITSQMGLELLDVADVIRPYPAVRAYLEQTKNPDFMNELATLEGGAETKKALEDYLQKYGMRCAGEIDLTKTRWIENPLTLIPLILSNIKNFDSGASMHKFAQGEKEAFHKEQEILRRLQELPDGEQKAMETKEKIDILRHFIGYREYPKYGMINRYFIYKLALLRAGEQLVKDGILQEQEDIYFLYFEELREVVRTGQVDYELINVRKRDFATFEKLTPPRILTSDGEMINGEYKRENLPKDAILGLPVSSGTVEGRARVILDMEKADLEDGDILVTAYTDPSWTPAFVSIKGLVTEVGGLMTHGAVIAREYGLPAVVGVENATTIIKDGQQIRINGTEGYIEILD
A0A140H546,MWRIWRCRLSFLFATGCLLGALTAGLGSQMSDSVGRNVQAPAGVADASQEAGDVVEERTERTEEQAFALGPPRRHSSESLFPRNASVTARRRRNRRIALIATAVGVAVILAAVYVLRRRRAQRPQDPEPPAPRSVEDPEVLPEEDEASSSLPPPPPPSPPPPPPVEDPLSPESQTVDLSCLSGTTVRFFGPSHHFGGFTPLYDPAPDKRVATVDAGANALFIGGGGLNGQFAKTLLEEAEKHGIRLTPEELSQHSQRIQQSLLRRAVKSPGKLVELDTGVASPVFARSFGFVPVVPGLMWEESEVGPNVGVTFVHILKPEVTPYGNLNNNVMMYTVAPSGAAPDKTYSLAYKTTIAGVIGAAAAYNDTPAGQQYPVQGLRLPLLGGGIFRRNRSLESIGRANAEGTSLAITRYGPNFELQYMYDPSNAALHGLQEAESTYLASMLD
A0A140LI88,MENGAEASDCDSDETVIEGSVTENEPEDEELPWRRLLLNQDTTCRSEFCFHSGVDGMQKGIHSPEIQLGLKLRKDSQEQNNKNKLLLALSEDLVLQDPQDKTAQNQVLLQTTKEFPVFTVSFPHPEVSWSHQNTGGHEAENCENLPHSKKELRENSDSPEVSLLSGTSPVAPDLVALKERLTEPVKTLAVPNTLSEPGEEVTQTMTSKETKDEESSLETFVSTLEKLLESSECTQEERLLEVMDDFNPQELFSTLSNSLGSVSVPLNAWAAQGRDELENKADAALPAKLLAAVNTGADVGPSCQGQEKSSSVSGGNGCLAVQPIMSQVDEDCTQIAQNIEDPKPFRLQTLTHENAISYEQINKKKNSDPIKNTSTQETPRVLRRSSRLEKLKASRDVVHTEAVLKKPERILSNTLSFKDQINSIFTTDSFSKRKNMHSSGFKNEQIRKSEQLRKKNGTGEMKKMCLCTINRRNVFGENLLYKAALHNDVDLVRCCIKNGENVNQPSYDGWTALHEASIGGYYQAVSELLKGGADVNVKGKYQITPLHDAVMNRHYKVAELLLMSGADPLFRSDHGTCALDEAKDSSMETLLMKYIPQQKKCHLSAQRNSTDPAHVEDMFQNKKPKLSSNNYTEFICDENFDRQEPGHLEINKGSNNLLMSKEYVCEHCQKDSNTTKFGKSNLNSVKNSRTNVSKRKGQKNRQQKKTQVDDRDCNLSQKIGTSSFRRTNKLLTQQQHAVQTLSDLPEESFELSTTTLSSLENGIGYNEACLVSKKSDTHVLDSSDGQELESVDQTEAASVSELSSYKEIKLLPVTTHQQPHTNQEQYSSPYKSLGNNSSNEKGKATNKWEDSFFSFIKGRSADSDSDCHTLDKSIASPKEGMSHDHHEEIMTGQEVDSQQRLSSENYFSQENDLKVHPLTTHPQEEAVNFCDSNLISVQHTPDYKNCLHEISFGNSYAKTEQSSTSCTRPPSTQKVSPLTVEVELLKGLQDSLAHRDSSPLVNQAGIHSLERKQDTDKNYTKKGPNTSSSSRPLPTVVHSQVIEITKAEKRREDLPGNEPINNTDFYSTDINKELANSSQLNQRKEKENVRKSDAELTHNDSEAERTLKSCEEKKKNMDSETHSPCDIQEHRKDQNFRKRKCSLKAPCSQGVNTTGIGKRNKKGESQLHVAARGGNLSRVKVLIEARADVNLRDNAGWTPLHKAASGGFDDVIIELLQAGANVNCENIDGIVPLHGASAGNHLKAAEILLEHGANPNQKDQKQRTALDEADDEKMKELLKSYGAIESTNGEKRNSTDLVKIPTVQPKRYKQFICDNDKAIGSPVPSHKAKKSESLPVHQTISAILQDIEEKQENLLKLEIRNSEDEEQYIGKMLEIKEVMDNILAQQKTERDDLAKKYRVSMESFKHGALREQLANLATRQKSLLVVAKKQKKIRLKIQNYKNATAVSGVGLRKLPCNSDISSDKKSQEPPTMGDSAHAQPGLLAPVSLAYGSMQEIPLSPEIESESQKINICLNAEAIRREEFSGNDINSKQNVQDCTLGGLLRSKPTDDAEKIASSSQPAALTPHAENSQAEATVKGCGFDSSALTGTINISEDKSIFSPNGACLAADPHSQKLSRCNPKRRNKKTASQQPSAGAAEPLPQAPAVLDTYTVHQTLPCLRDSAAAASHTDSTQSSLSSASAHQHPTKTVPHRNTTPRKKAVQLKDLILRGRINPGNNILEFKTQETTHRASVLPSGKLKGENGQIYQNPVTWLKELLGGGSYVTWNYAWNTVTYLGRELVKCVSEEAPMSAELNPPQLHQPHLSAGTSRESMQTIPHYLQIKEILQISKQELLPCHVMEQHWKFYVGRSHSEALLSW
A0A144A134,MKNLDINTFDNIEDIPLGSSEQDPYDFFTLSDRNVMNSDMKKNIVQWNSRYSYNQLKNKDSLIMFLVEIFRSLFVSNCIDKNIDNVLLSIEEMFIDHYYNPQHSRLKYLIDDVGIFFTKLPITKAFHTYNKKYRITKRLYAPPTFNEVRHILNLAQILSLEEGLDLLTFDADETLYPDGHDFNDEVLASYISCLLKKMNIAIVTAASYNNDAEKYQKRLENLLKYFSKHNIKDGSYKNFYVMGGESNYLFKCNEEATLYSVPENEWRHYKKFVDYDTVQEILNISEKCLEKVIKDFGLCAQIQRKEKSIGLVPNKIPSLNIKNEQKNYMIKYEVLEEAVIRIKKEIIKNKITAPYCAFNGGQDLWVDVGNKAEGLLILQKLLKIQKKKCCHIGDQFLHSGNDFPTRFCSLTLWVSNPQETKACLKSIMHLNIKSFIPEVLYENQ
A0A144A2H0,MQLNFLLFVFIFLMVFHLNIFNKGKRQNLVSAYLNHFKKSYFSGVTSGSDCVNKSEVSSDNNNNNNNNNNKIAHNFFSKKYQRNFENNNLSENQENNKNIIYSGSNIFKNIYNTEMMSNNNTVDVNMMDNNPAARLEELRTIMKKNKIDVYILINSDEHNSEIINEKDKKIVKITNYSGADGILIVTKDKPILYVNALYELQAMNELDQNLFTLRISRIDNRDEIFETISSLEFNTIAFDGKNTSVVFYEKLRKALLNAYPKKKIVEKIIYNNNFDDVNKKDDENVLNFLVLEKSLVEIKDYPVNNKTLYIHDRKYNGACAGEKIDKLKQSLMYDIKNVDNLLLSELDEIAYLLNLRGYDYQYSPLFYSYLLFQFDREEQDFSKIVFFTTVKNLPADVKNLLEINKVIVKEYEEIVPYLRDVVIPSIPKHNDDNPDFKKYDISLSPYINLMIYKLFDRKNVLLQNSPVVKMKAVKNDVEIDNMKQAHILDGLALLQFFHWCEQKRKTKELFNETEMSLRHKVDYFRSTKKNFIFPSFSTISASGPNAAVIHYECTDKTNATIKPAIYLLDSGGQYLHGTTDVTRTTHFGEPTAEEKRIYTLVLKGHLRLRKVIFASYTNSSALDFIARENLFNNFMDYNHGTGHGVGLTLNVHEGGCSIGPVGGAPLKKNMVLSNEPGYYMKDKFGVRIENMQYVISKEITDTTEYLSFDDLTMYPYEKKLLDFSLLTNQEIKELNEYHTTIRNTLLPLVKQSPQEYGESVEKYLIEITEPIAIHNN
A0A166U5H3,MAGMKTSPSQDEEACVLAIQLATSTVLPMILKSAIELDILNTISKAGPGNYLSPSDLASKLLMSNPHAPIMLERILRVLATYKVLGCKPSELSDGEVEWLYCWTPVCKFLSNNEDGASIAPLLLVHQDQVPMKSWYHLTDAILDGGTAFNKAYGMNIFDYASQDPQFNKVFNRSMAGHSTITMKKILETYNGFEGLKSIVDVGGGSGATLNMIISKYPTIKGINFDLPHVVGDSPIHPGVEHVGGDMFASVPKGDAIFLKWIFHSWSDEDCLRILKNCYEALADNKKVIVAEFIIPEVPGGSDDATKSVVHLDAVMLAYVPGGKERTEKEFEALATSAGFKSFRKVCCAFNTWIMEFSK
A0A172J1V3,MTENNRAGAVPLSSILLQMITGYWVTQSLYVAAKLGIADLVADAPKPIEELAAKTGAKAPLLKRVLRTIASIGVFTETEPGIFGITPLAALLRSGTPDSMRPQAIMHGEEQYRAWADVLHNVQTGETAFEKEFGTSYFGYLAKHPEADRVFNEAQAGYTKQVAHAVVDAYDFSPFKTVIDIGAGYGPLLSAILRSQPEARGILFDQPHVAQAAGKRLAEAGVGDRCGTVGGDFFVEVPADGDVYILSLLLHDWDDQRSIEILRNCRRAMPAHGKLLIVELVLPEGEEPFFGKWLDLHMLVLLGAQERTADEFKTLFAASGFALERVLPTASGLSIVEARPI
A0A172U6X0,MAFPKRLEYGGHALVWSGDWSAAGARKAIAGAARAGYDYIEIALLDPWQIDVALTKDLLQEYNLRAHASLGLSAATDVTSTDPAIVAKGDELLRKATDVLYALGGSELCGVIYCALGKYPGPASRENRANSVAAMQRLADYAADKGINIDLEVVNRYETNIMNTGLEGLAFLDEVNRPNAFLHLDTYHMNIEENGMAKSVLAAGDRLGYVHIGESHRGYLGTGNVDFASFFAALKQIDYRGPITFESFSSEIVDPKLSNTLCVWRNLWHDSDDLAGKALEFIKQRY
A0A179UL48,MSTPSKKRCGVLGATGAVGTRFILLLEQSPLLELVAVGASERSAGKKYRDAVRWKQASPMPASVADLTVRRCAPSEFSDCDIIFSGLDPVAAGDIEMAFLKANFAVFSNAKNYRLDPIVPLVVPLVNAGHIDVIPAQRKHYGLDKGLIVCNSNCAVVGLVIPAKALIQKFGPIESVSMVTMQAVSGAGYPGVSSMDIFDNIVPFIPGEEGKIATESRKILGNLNPDLAGFSDQQPLQVSVACNRVPVLDGHTVCASLRFVNRPAPTASQVRDALREYKSEVQLLGCPSAPRQAIHVLDDVDRPQPRLDRDTEAGYACSVGRIREDDSGVFDIQFVALSHNTVLGASGSSILNAESAILKGYI
A0A1B1FHP3,MAGKSAEEEHPIKAYGWAVKDRTTGILSPFKFSRRATGDDDVRIKILYCGICHTDLASIKNEYEFLSYPLVPGMEIVGIATEVGKDVTKVKVGEKVALSAYLGCCGKCYSCVNELENYCPEVIIGYGTPYHDGTICYGGLSNETVANQSFVLRFPERLSPAGGAPLLSAGITSFSAMRNSGIDKPGLHVGVVGLGGLGHLAVKFAKAFGLKVTVISTTPSKKDDAINGLGADGFLLSRDDEQMKAAIGTLDAIIDTLAVVHPIAPLLDLLRSQGKFLLLGAPSQSLELPPIPLLSGGKSIIGSAAGNVKQTQEMLDFAAEHDITANVEIIPIEYINTAMERLDKGDVRYRFVVDIENTLTPPSEL
A0A1C3NEV1,MTSHHSWYRYSINPFVLMGLVALFLAATANLTFFEKAMAVYPVSDNLGFIISMAVAVMGAMLLIVVLLSYRYVLKPVLILLLIMGAVTSYFTDTYGTVYDTTMLQNAMQTDQAESKDLMNLAFFVRIIGLGVLPSVLVAVAKVNYPTWGKGLIQRAMTWGVSLVLLLVPIGLFSSQYASFFRVHKPVRFYINPITPIYSVGKLASIEYKKATAPTDTIYHAKDAVQTTKPSERKPRLVVFVVGETARADHVQFNGYGRETFPQLAKVDGLANFSQVTSCGTSTAYSVPCMFSYLGQDDYDVDTAKYQENVLDTLDRLGVGILWRDNNSDSKGVMDKLPATQYFDYKSATNNTICNTNPYNECRDVGMLVGLDDYVSANNGKDMLIMLHQMGNHGPAYFKRYDEQFAKFTPVCEGNELAKCEHQSLINAYDNALLATDDFIAKSIDWLKTHEANYDVAMLYVSDHGESLGENGVYLHGMPNAFAPKEQRAVPAFFWSNNTTFKPTASDTVLTHDAITPTLLKLFDVTAGKVKDRAAFIQ
A0A1C7D1B7,MKKLSRTISGVTPVAVMTKPLPCPGKCIYCPTFAATPQSYTPESPAVLRAKSCEYQAYKQVALRLRIIQDMGHPTDKVELIIMGGTFLSADITYQYGFIKDCYDALNGVVAGSLEEAKTINETAQHRCVGLCIETRPDICGKAEIQRMIDFGTTRVELGVQMLDDDIYKLVERGHRVSDVAEATCLLREYGLKVHYHWMPGLPGSSPEKDLALSRMVFEDPRFCPDGLKLYPTMVVEGTILEQWWKEGRYTPYPNGTMTGLIADIKALVPPYVRISRVLRDIPAVFISAGLKDSLRDGVRQILESRHQKCRCIRCREYGHRQRKGQTSGEPTLRRLDYPASGGKEIFLSFEDASDTLYGLLRLRIPCASLPVLGQKYGAKTGLVRELHVYGTELSLGEQGDQSAQHRGLGRKLLAEAECLARDEFGLDSLAILSGVGAREYYRSLGYELVAGYMCKHLD
A0A1D1VU85,MTRPLALIIFLVAILTNTDPSRSDAGSDPVNYLFRGPVTAVAAIAGEGEHAGIKGSLTFLQKSLDGRTVINGTISGLPEGKHGLHIVDSGDMTKGCYITTAKGHLNPFNLSHGAPSDSARHVGDLGNIYADDTGISVINLTDTVISLFPTPAFVIGRILVIHTTYDDLGRGGSPVSKVNGNAGGRLACGIISYV
A0A1D5PRR9,MSGGRQRTLPEAWRRAAGPALQAGRDADGNDDDDDELLAAAAAELDPDPNPNVDPNPGPGPEAAAGGFCAAAGALWIYPTNRPERPYQLRMARAALFANTLLCLPTGLGKTFVAAVVMYNFYRWFPSGKVLFLAPTKALVAQQMEACAQLMGIPGRDMAEMTGGTQALSRRELWASRRVFFLTPQIMVNDLSRGTCPAVEVKCLVVDEAHKALGNHAYCQVVKELSRYTTQFRVLALTATPGSDTKAVQQVVSNLLIAQIELCSEDSPEIQPYSHERQVEKIVVPLGEELGGIQRAYIHVLETFAGRLIKLGVLARRDVPSLTKYQIILARDQYRKNPSPQNVGMQPGIIEGDFALCISLYHGYELLQQMGVRSLFIYLCGIMDGSKGLTRTKNELGRNEDFMRLYQQLTDMFSDTCQTSANGNLHKSRTVSENKKEFIYSHPKLKKLEEIVIEHFKSRKMGCSDQTTSGGTCVDTRVMIFSSFRDSVQEIAEMLSRFSPVVRVMTFVGHSTGKSTKGFTQKEQLEVVKRFREGGYNTLVSTCVGEEGLDIGEVDLIICFDAQKSPIRLVQRMGRTGRQRQGRVVVILAEGREERTYNQSQSNRRSIQKAISGNKMLHFYQHSPRMIPEGINPELHRMFITAEKYKPNDSGRLPKGRPSSLHHKSALFSCVTDPKEMHCHENWSLSPEEFEIWDRLYRLKENDGVKEPILPHTRFETLENLDKTSKPEEEAAHKLSLSEWSIWQSRPFPTSMVDHSDRCYHFISVMELIEVMRQEQGDCSYELELQPHLRIEDIHVRRNKGHLSTTSSAFAQKTHSSKRDMARTKRPFVPDVNDNEREFFSIFKTTNTKTPRTAPGLDLEEPELPTDTNGSEPCSARRLTLVASTDQGSPKEEEIEKVTFDLNEFNDLCDDGESTVAHESAAVKDLRLLDKHCSSVGLNHTDLGYSSFTAEKSPASSDLFYLPESHVDSFVLVSSSAELAGLEGAFSCVKGLLAHSPPPVSKLEGIEELLRHEETLCPLPKVSCRSYSGQLPHGDFPSSLAVDQSLLPAESPELEVTIGLSAAVNTCVSKPASTPTAAGGAEERPPGGGSFHSLLGKEGFTANHTDNPPNKHFVQGDEEDSEMKRDVTIDGEKSIHLFEDEHTYKVNDEMPSVDVEPLLRLGSGGHTARPSAGPASQQPPSGDSPRGDTACGEGAARGEMAPGGAWGRGSAAEQALHNSELCDYSQELFSVNFDLGFSIEECEEEIFEGDTDAMNTPKLNSASRSRADVQLTANRKSLNDGCRVQTPPKWDCKGLKGRNISTPLPLQSGHVRDTAVPGGTAGGRTGRGSPGASPPSPATPTGRRVSSAEATRRIRKKVFSTVREETPEVCPTDKVNPNSQRNSFGSSASDALHTTGGRTENLEGTNLHTSRVFPAEGTSSESEEEIVFQRKNRRNNVLRSPDVGSDSDFGSPVCAVRKRRHPLTVSDVSSDDGVDFHKNPNRGTRGCSAAGSKAQLRGVKRQKVRSKVTCKNAARQFLDEEAELSQQDESCVSSDETEDTDKELSSSLAQFLNDDAEVTQVLNDSEMRGVYLKSVRSPALGSRYRMVHREFNSTEIFSQIPEQDEAYAEDSFCVAEGDEETCNKSESSEEEEVCVNFDLLNNESFGGGGGRYLTRRRKKLHGANMEQNCSAPVQKKPSRIIVLSDSSGEETNVSNEKGTAAHCSRAGRENAELLTSMPSVSSVPHKKSAGDVSAHQSAESKSGMLLGLKASVSEVLDFHPGPRSGSGKEALQAAAQHLQLESSVKNSAGNAPGATKASPALLDGDTALCVLVDSREISSGADVISSLKAVHGLKVQVCSLGSGDYVVSNRMAVERKFQSELLSSVNRTKVTQRLQRLQGMFERVCVIVEKDRTRPGETSRFSQRTQHYDATLAALLQAGIRVLFSSCQEETAVLLKELALLEQRKNAAICVPTEVEGHKQEMLNFYLSLPNISYLAALNMCHHFSSVRTMVNSSPSDIAAGARVSLQRAEETYRYLRYGFDTQMLPESLCAKGKSNTATRS
A0A1D5PXA5,MADPEDPRDAGDVLGDDSFPLSSLANLFEVEDTPSPAEPSRGPPGAVDGKQNLRMKFHGAFRKGPPKPMELLESTIYESSVVPAPKKAPMDSLFDYGTYRQHPSENKRWRRRVVEKPVAGTKGPAPNPPPILKVFNRPILFDIVSRGSPDGLEGLLSFLLTHKKRLTDEEFREPSTGKTCLPKALLNLSAGRNDTIPILLDIAEKTGNMREFINSPFRDVYYRGQTALHIAIERRCKHYVELLVEKGADVHAQARGRFFQPKDEGGYFYFGELPLSLAACTNQPHIVHYLTENGHKQADLRRQDSRGNTVLHALVAIADNTRENTKFVTKMYDLLLIKCAKLFPDTNLEALLNNDGLSPLMMAAKTGKIGIFQHIIRREIADEDVRHLSRKFKDWAYGPVYSSLYDLSSLDTCGEEVSVLEILVYNSKIENRHEMLAVEPINELLRDKWRKFGAVSFYISVVSYLCAMIIFTLIAYYRPMEGPPPYPYTTTIDYLRLAGEIITLLTGILFFFSNIKDLFMKKCPGVNSFFIDGSFQLLYFIYSVLVIVTAGLYLGGVEAYLAVMVFALVLGWMNALYFTRGLKLTGTYSIMIQKILFKDLFRFLLVYLLFMIGYASALVSLLNPCPSSESCSEDHSNCTLPTYPSCRDSQTFSTFLLDLFKLTIGMGDLEMLESAKYPGVFIILLVTYIILTFVLLLNMLIALMGETVGQVSKESKHIWKLQWATTILDIERSFPLFLRRVFRSGEMVTVGKGTDGTPDRRWCFRVDEVNWSHWNQNLGIISEDPGKSDTYQYYGFSHTVGRLRRDRWSTVVPRVVELNKSCPTEDVVVPLGTMGTAEARERRHGQTPSSPL
A0A1D8PHA3,MFRTAYKTMNQSMVQKFIAGGVGVTGLTASYLLYQDSMTADAMTAAEHGLHPPAYNWPHNGMFETFDHASIRRGFQVYREVCAACHSLDRIAWRNLVGVSHTTSEAKAMAEELEYDDEPDDEGKPRKRPGKLADYIPGPYENEQAARAANQGAYPPDLSLIVKARHGGSDYIFSLLTGYPDEPPAGVVLPEGSNYNPYFPGGAIAMGRVLFDDLVEYEDGTPATTSQMAKDVSTFLNWASEPEHDDRKKWGLKALVVLSSLYLLSIWVKRFKWTPIKNRKFRFDPPKK
A0A1D8PJX3,MSSLAFRTLRNGLGLKSSVRALSTTTTTLSNYQQPDYSSYLNNKSGQGSRNFTYFMVGSMGLLSAAGAKSTVEAFLSSFAASADVLAMAKVEVKLGAIPEGKNVIIKWQGKPVFIRHRTADEIEEANQVDIKTLRDPQNDADRVKKPEWLIMLGICTHLGCVPIGEAGDFGGWFCPCHGSHYDISGRIRKGPAPLNLEIPEYDFTDDETLLVG
A0A1D8PKB4,MTTNPALAAAQASHNNIPTKQMNHSTSSSNGNGSNNSSVVGLHYKIGKKIGEGSFGVIFEGTNIINGVPVAIKFEPRKTEAPQLRDEYRTYKHLQGCDGIPNAYYFGQEGLHNILVIDLLGPSLEDLFDWCGRRFSVKTVVQVAIQMLTLVEEVHRHDLIYRDIKPDNFLIGRRGATDENNVHLIDFGMAKQYRDPRTKQHIPYREKKSLSGTARYMSINTHLGREQSRRDDLEALGHVFFYFLRGQLPWQGLKAPTNKQKYEKIGDKKRTTPAVTLCDGLPQQFAEYLDSVRSLPFDAEPPYEEYRMLLLSVLDDLGQACDGDMDWMHLNGGRGWDATINKKPNLHGYGHPNPPNERERRHRDQRRTRQHQQSQQVQQQQLQAQAQAQQLQQLQQAQQAQQQQQSQQHQPLSAAQLHQQKLQHLVNRPLPPIKQESQSAIQSGNGHHELLNNNLGDQHGGKHEGYSSRPDQYQQQQMVAEEEENKGFWSKLCCH
A0A1D8PQ86,MLPQFLLLLLYLTVSTAKTITGVFNSFDSLTWTRSVEYVYKGPETPTWTAVLGWSLNSTTADAGDTFTLIMPCVFKFITSQTSVDLTADGVSYATCDFNAGEEFTTFSSLSCTVNSVSVSYDKASGTVKLPITFNVGGTGSSVDLTDSKCFTAGKNTVTFMDGDTKISTTVDFDASPVSPSGYITSSRIIPSLNKASSLFVSPQCENGYTSGIMGFVTSQGATIDCSNINIGISKGLNDWNFPVSSESFTYTKTCSSSGIIVEYENVPAGYRPFVDAYISSENVEQYTLTYANEYTCKNGNTVVDPFTLTWWGYKNSEADSNGDIIVVTTKTVTASTTAVTTLPFNPTVDKTETIEVLQPIPTTTITTSYIGISTSYETFTATIGGTATVIVDTPYHITTTVTTFWTGSVTTTTTYSNPTGSIDTVIVQIPSPDPTTTITEFWSESFASTTTVTNPPDGTNSVIIKEPYNPTVTTTEFWSESFASTTTITNPPDGTNSVIVKEPYNPTVTTTEFWSESFASTTTVTNPPDGTNSVIIKEPYNPTVTTTEFWSESFASTTTITNPPDGTNSVIVKEPYNPTVTTTEFWSESFASTTTVTNPPDGTNSVIIKEPYNPTVTTTEFWSESFASTTTITNPPDGTNSVIVKEPYNPTVTTTEFWSESFASTTTITNPPDGTNSVIVKEPYNPTVTTTEFWSESFASTTTITNPPDGTNSVIVKEPYNPTVTTTEFWSESFASTTTITNPPDGTNSVIVKEPYNPTVTTTEFWSESFASTTTVTNPPDGTNSVIVKEPYNPTVTTTEFWSESFASTTTITNPPDGTNSVIVKEPYNPTVTTTEFWSESFASTTTITNPPDGTNSVIVKEPYNPTVTTTEFWSESFASTTTITNPPDGTNSVIIKEPYNPTVTTTEFWSESFASTTTITNPPDGTNSVIIKEPYNPTVTTTEFWSESFASTTTVTNPPDGTNSVIIKEPYNPTVTTTEFWSESFASTTTVTNPPDGTNSVIIKEPYNPTVTTTEFWSESFASTTTVTNPPDGTNSVIVKEPYNPTVTTTEFWSESFASTTTVTNPPDGTNSVIIKEPYNPTVTTTEFWSESFASTTPSVSSFESKTFYSSEAQSSLEIDSSNTFMTSISVSTASSYDESSTIVSSAFPTLHISSYSLSTSFVPPVTLPRYVNTTISSSPSFESSSMYSSVTSAVTSIDNDREVPTSTTTYLHSKLYSESISTVIQTKSSDWSLSLGNSNKPESASTVSEESLHYLSTPGPSSSEYSISFTSEKEGHVSSYVPRVSYTSSVKVSISSTMSSENGMSATHTFGISTNTIPSSTETSIKSATVTTPVSESTNTGMSIFMSTTTESKTTDITTETSVSGEVNLGSATVKVSSSEFISKGTVTRIMPTELTNSESTFTASPSFVLTSTESSVIETPATIEMSSRSSSYSVPLSKLRSEGETTRVIPTSSTATGSTVIGSPSSVSTSNESIITGSSSFVSTTAETISTRSIVTESIVAGSPSLVLTTTVLDTTETTITETSIVGESSSRSLTFKASSLSKGEITGTVTPEMSVSTSKATTGTTSEVSIKESLTTKVPTFTSTTIKPETSETQHSESRTTQIPYSETKGSQLSTANSQVSQTGSSKSSIFESAISKDESTFVSATVKSITTPAVTQYQTSLPNPAVSVSEESGKKSSIIESQTENSATQHSIYFDSIETSTLSNTLANTLVSGAMKNSETTSELTTSDKAIGFSTTTETSIPGATNSALSPSVDSGKSSMLGWSGGIVSTVSTSTRLEDSTATSSSITAANQDSLNPSTVSKYPHGSETIDNGSNGSSHSSSALASTISASHSIKFSAHQTTLSQSLISSSTKTVIASTYDGSGSVIKLHSWFYGLVTIFFLFI
