entry,reviewed,entry name,protein names,gene names,organism,length,sequence
C4M633,reviewed,INPP_ENTH1,"Inositol polyphosphate 1-phosphatase (EhIPPase) (EC 3.1.3.57) (3'(2'),5'-bisphosphate nucleotidase) (EC 3.1.3.7)",EHI_179820,Entamoeba histolytica (strain ATCC 30459 / HM-1:IMSS / ABRM),285,MQTSLFEFANVLITAVKEASYSISKFKEEVEIKYKSDGSEVTQVDTQSQQIIFSIIKNKYPTINIIGEEDVENGIPDNQLPTITQLSFGSLENKIININDIIIYVDPLDGTDCYTHKQYDSVCVLVGVTYKGKPMIGIVSKPFYNNEITFAIENYISSISLQPLNDKIIFVCSKKNDIQHLIKSFPDPYEVKYKGGSGAKMMAIIHQEADIYYHPLIQSCTWDTLAAQVILEAQGGIVCDIYGNPLCYPSSKKESMRHKKGVLCLSPRAKKYLPYMLSISKTILL
G0WXL9,reviewed,CS2H_ACIS1,Carbon disulfide hydrolase (CS(2) hydrolase) (EC 3.13.1.5) (Carbon disulfide lyase),csh,Acidianus sp. (strain A1-3),204,MVSEYIDSELKRLEDYALRRVKGIPNNRRLWVLTCMDERVHIEQSLGIQPDDAHIYRNAGGIVTDDAIRSASLTTNFFGTKEIIVVTHTDCGMLRFTGEEVAKYFISKGIKPTEVQLDPLLPAFRISSEEDFIKWFKFYEDLGVKSPDEMALKGVEILRNHPLIPKDVRITGYVYEVETHRLRKPNQIIYNETSKFEHGTIVKE
O14246,reviewed,TPZ1_SCHPO,Protection of telomeres protein tpz1 (Meiotically up-regulated gene 169 protein),tpz1 mug169 SPAC6F6.16c SPAC6F6.18c,Schizosaccharomyces pombe (strain 972 / ATCC 24843) (Fission yeast),508,MSNCLKHPWLENGLLNLIKNADVLPIRVFKCQPLQIFEYIRYEHPIRCKLSDTEFYIEAEFSSQSISDLNNFTEKRITSLRGGIVTLGNFLIHLIPSQSGIIPWIQVESFNFQGCEGAVFGNPKAITTSALFNALLQSPYLAALANEFNRSIKEGSSYQEASLSQQEKPNDNTSNSRDIKNNIQFHWKNMTSLSIEECIIPKGQQLILEKESEENTTHGIYLEERKMAQGLHNSVSETPEVKQEDNDEDLDAYSWSSSTDSAGEIPSLPTNRKILEKIAEKPPPFESPLEDDETPDQTNEHEANQVNVSQLPLNPRGSGISGRPVESTEQLNSSLTIERSQSIQSTDSKQRVETQSHRRSKIEIFDAQDELFDRSICTTIDDSTGKLLNAEETPIKTGDLHSTSASSVISCTPPAINFTSDICNEQIELEYKRKPIPDYDFMKGLETTLQELYVEHQSKKRRLELFQLTNNHQKNSEACEMCRLGLPHGSFFELLRDWKKIEEFRNKS
C3UVB0,reviewed,ACD_DESML,Glutaryl-CoA dehydrogenase (GDH(Des)) (EC 1.3.99.32),Acd,Desulfococcus multivorans,389,MDFNLSKELQMLQKEVRNFVNKKIVPFADQWDNENHFPYEEAVRPMGELGFFGTVIPEEYGGEGMDQGWLAAMIVTEEIARGSSALRVQLNMEVLGCAYTILTYGSEALKKKYVPKLSSAEFLGGFGITEPDAGSDVMAMSSTAEDKGDHWLLNGSKTWISNAAQADVLIYYAYTDKAAGSRGLSAFVIEPRNFPGIKTSNLEKLGSHASPTGELFLDNVKVPKENILGKPGDGARIVFGSLNHTRLSAAAGGVGLAQACLDAAIKYCNERRQFGKPIGDFQMNQDMIAQMAVEVEAARLLAYKAAAAKDEGRLNNGLDVAMAKYAAGEAVSKCANYAMRILGAYGYSTEYPVARFYRDAPTYYMVEGSANICKMIIALDQLGVRKANR
P09542,reviewed,MYL3_MOUSE,"Myosin light chain 3 (Myosin alkali light chain 1, ventricular/slow skeletal muscle isoform) (Myosin light chain 1, slow-twitch muscle B/ventricular isoform) (MLC1SB)",Myl3 Mlc1v Mylc,Mus musculus (Mouse),204,MAPKKPEPKKDDAKAAAPKAAPAPAAAPAAAPAAAPEPERPKEAEFDASKIKIEFTPEQIEEFKEAFLLFDRTPKGEMKITYGQCGDVLRALGQNPTQAEVLRVLGKPKQEELNSKMMDFETFLPMLQHISKNKDTGTYEDFVEGLRVFDKEGNGTVMGAELRHVLATLGERLTEDEVEKLMAGQEDSNGCINYEAFVKHIMAS
P0A894,reviewed,RAPZ_ECOLI,RNase adapter protein RapZ,rapZ yhbJ b3205 JW3172,Escherichia coli (strain K12),284,MVLMIVSGRSGSGKSVALRALEDMGFYCVDNLPVVLLPDLARTLADREISAAVSIDVRNMPESPEIFEQAMSNLPDAFSPQLLFLDADRNTLIRRYSDTRRLHPLSSKNLSLESAIDKESDLLEPLRSRADLIVDTSEMSVHELAEMLRTRLLGKRERELTMVFESFGFKHGIPIDADYVFDVRFLPNPHWDPKLRPMTGLDKPVAAFLDRHTEVHNFIYQTRSYLELWLPMLETNNRSYLTVAIGCTGGKHRSVYIAEQLADYFRSRGKNVQSRHRTLEKRKP
A0NXQ8,reviewed,C3HPD_ROSAI,Cis-3-hydroxy-L-proline dehydratase (c3LHyp dehydratase) (c3LHypD) (EC 4.2.1.171),SIAM614_28497,Roseibium aggregatum (strain ATCC 25650 / DSM 13394 / JCM 20685 / NBRC 16684 / NCIMB 2208 / IAM 12614 / B1) (Stappia aggregata),367,MKITAINVFQVDLPLREGRYSWSNGNFVEVFDSTVVEIETDEGLKGYAECCPLGSAYLPSYALGVRSGLQELAPHLIGKDPLNIGEINRVMDAALRGHPYAKAPIDIACWDLLGKATGQPLYTLLGGAAQDDVALYRAISQEAPEIMAKKIEGYAAEGYTKFQLKVGGDANDDINRIHATRSVLKKSDLLVADANTGWTRHEAARVVGAVSSLDVYIEQPCLTYEESVSIRRRTALPFVLDEVIDGPNTLVRGIAEDAMDCINLKISKVGGLTKAKLMRDLCIAHGIPMTIEDTWGGDIVTAAIAHLARSTPSEFTFSATDFNSYGTVDIAEGAPKRVNGRMTTSDLPGLGITPIFDVLGEPVARYS
G3XCV0,reviewed,FLEQ_PSEAE,Transcriptional regulator FleQ,fleQ PA1097,Pseudomonas aeruginosa (strain ATCC 15692 / DSM 22644 / CIP 104116 / JCM 14847 / LMG 12228 / 1C / PRS 101 / PAO1),490,MWRETKLLLIDDNLDRSRDLAVILNFLGEDQLTCNSEDWREVAAGLSNSREALCVLLGSVESKGGAVELLKQLASWDEYLPILLIGEPAPADWPEELRRRVLASLEMPPSYNKLLDSLHRAQVYREMYDQARERGRSREPNLFRSLVGTSRAIQQVRQMMQQVADTDASVLILGESGTGKEVVARNLHYHSKRREGPFVPVNCGAIPAELLESELFGHEKGAFTGAITSRAGRFELANGGTLFLDEIGDMPLPMQVKLLRVLQERTFERVGSNKTQNVDVRIIAATHKNLEKMIEDGTFREDLYYRLNVFPIEMAPLRERVEDIALLLNELISRMEHEKRGSIRFNSAAIMSLCRHDWPGNVRELANLVERLAIMHPYGVIGVGELPKKFRHVDDEDEQLASSLREELEERAAINAGLPGMDAPAMLPAEGLDLKDYLANLEQGLIQQALDDAGGVVARAAERLRIRRTTLVEKMRKYGMSRRDDDLSDD
P12239,reviewed,PSBF_THEVL,Cytochrome b559 subunit beta (PSII reaction center subunit VI),psbF,Thermostichus vulcanus (Synechococcus vulcanus),45,MTSNTPNQEPVSYPIFTVRWVAVHTLAVPTIFFLGAIAAMQFIQR
P0AES9,reviewed,HDEA_ECOLI,Acid stress chaperone HdeA (10K-S protein),hdeA yhhC yhiB b3510 JW3478,Escherichia coli (strain K12),110,MKKVLGVILGGLLLLPVVSNAADAQKAADNKKPVNSWTCEDFLAVDESFQPTAVGFAEALNNKDKPEDAVLDVQGIATVTPAIVQACTQDKQANFKDKVKGEWDKIKKDM
H2MCM1,reviewed,CAHM1_ORYLA,Calcium homeostasis modulator 1,CALHM1,Oryzias latipes (Japanese rice fish) (Japanese killifish),351,MDKFRMMFQFLQSNQESFMNGICGIMALASAQMYSSFEFSCPCMPEYNYTYGIGLLIIPPIWFFLLGFVLNNNVSVLAEEWKRPTGRRTKDPSVLRYMLCSITQRSLIAPAVWVSVTLMDGKSFLCAFSINLDIEKFGNASLVIGMTETEKLKFLARIPCKDLFEDNEVRVAATRYIKCISQACGWMFLLMMTFTAFLIRAIRPCFTQAAFLKTKYWSHYIDIERKMFDETCKEHAKSFAKVCIHQYFENISGEMQNFHRHQSKDTSDAEEEEKQRSDEDKLLGIKAQEDMNKVLWNWHTCKPALALRKDHLDTESNGKLNGTMNGAVNGFAQGHTHDVAKKEWAVYYSKV
A0A144A134,reviewed,ISN1_PLAF7,IMP-specific 5'-nucleotidase 1 (PfISN1) (EC 3.1.3.99),ISN1 PF3D7_1206100,Plasmodium falciparum (isolate 3D7),444,MKNLDINTFDNIEDIPLGSSEQDPYDFFTLSDRNVMNSDMKKNIVQWNSRYSYNQLKNKDSLIMFLVEIFRSLFVSNCIDKNIDNVLLSIEEMFIDHYYNPQHSRLKYLIDDVGIFFTKLPITKAFHTYNKKYRITKRLYAPPTFNEVRHILNLAQILSLEEGLDLLTFDADETLYPDGHDFNDEVLASYISCLLKKMNIAIVTAASYNNDAEKYQKRLENLLKYFSKHNIKDGSYKNFYVMGGESNYLFKCNEEATLYSVPENEWRHYKKFVDYDTVQEILNISEKCLEKVIKDFGLCAQIQRKEKSIGLVPNKIPSLNIKNEQKNYMIKYEVLEEAVIRIKKEIIKNKITAPYCAFNGGQDLWVDVGNKAEGLLILQKLLKIQKKKCCHIGDQFLHSGNDFPTRFCSLTLWVSNPQETKACLKSIMHLNIKSFIPEVLYENQ
G3XCY4,reviewed,AMRZ_PSEAE,Transcription factor AmrZ (Alginate and motility regulator Z),amrZ PA3385,Pseudomonas aeruginosa (strain ATCC 15692 / DSM 22644 / CIP 104116 / JCM 14847 / LMG 12228 / 1C / PRS 101 / PAO1),108,MRPLKQATPTYSSRTADKFVVRLPEGMREQIAEVARSHHRSMNSEIIARLEQSLLQEGALQDNLGVRLDSPELSLHERELLQRFRQLTHRQQNALVALIAHDAELAQA
P9WHJ3,reviewed,RECA_MYCTU,Protein RecA (Recombinase A) [Cleaved into: Endonuclease PI-MtuI (EC 3.1.-.-) (Mtu RecA intein)],recA Rv2737c MTV002.02c,Mycobacterium tuberculosis (strain ATCC 25618 / H37Rv),790,MTQTPDREKALELAVAQIEKSYGKGSVMRLGDEARQPISVIPTGSIALDVALGIGGLPRGRVIEIYGPESSGKTTVALHAVANAQAAGGVAAFIDAEHALDPDYAKKLGVDTDSLLVSQPDTGEQALEIADMLIRSGALDIVVIDSVAALVPRAELEGEMGDSHVGLQARLMSQALRKMTGALNNSGTTAIFINQLRDKIGVMFGSPETTTGGKALKFYASVRMDVRRVETLKDGTNAVGNRTRVKVVKNKCLAEGTRIFDPVTGTTHRIEDVVDGRKPIHVVAAAKDGTLHARPVVSWFDQGTRDVIGLRIAGGAIVWATPDHKVLTEYGWRAAGELRKGDRVAQPRRFDGFGDSAPIPADHARLLGYLIGDGRDGWVGGKTPINFINVQRALIDDVTRIAATLGCAAHPQGRISLAIAHRPGERNGVADLCQQAGIYGKLAWEKTIPNWFFEPDIAADIVGNLLFGLFESDGWVSREQTGALRVGYTTTSEQLAHQIHWLLLRFGVGSTVRDYDPTQKRPSIVNGRRIQSKRQVFEVRISGMDNVTAFAESVPMWGPRGAALIQAIPEATQGRRRGSQATYLAAEMTDAVLNYLDERGVTAQEAAAMIGVASGDPRGGMKQVLGASRLRRDRVQALADALDDKFLHDMLAEELRYSVIREVLPTRRARTFDLEVEELHTLVAEGVVVHNCSPPFKQAEFDILYGKGISREGSLIDMGVDQGLIRKSGAWFTYEGEQLGQGKENARNFLVENADVADEIEKKIKEKLGIGAVVTDDPSNDGVLPAPVDF
A0A0H2X5R2,reviewed,NAMPT_XANC8,Nicotinamide phosphoribosyltransferase (NAM phosphoribosyltransferase) (NAMPT) (EC 2.4.2.12),XC_0719,Xanthomonas campestris pv. campestris (strain 8004),468,MHYLDNLLLNTDSYKASHWLQYPPGTDASFFYVESRGGVYDQTAFFGLQSILKEAINRPVTHADIDDAKALLAAHGEPFNEAGWRDIVDRLGGQLPIRIRAVPEGCVVPTHNVLMTIESTDAKAFWVPSYLETLLLRVWYPVTVATVSWQVKQIVRDFLQRTSDDPEGQLPFKLHDFGARGVSSLGSAALGGAAHLVNFLGTDTLSALLLARAHYHTPVAGYSIPAAEHSTITSWGREREVDAYRNMLTQFARPGAIVAVVSDSYDIYRAIREHWGTTLREEIIASGATVVIRPDSGDPVDVVEQCLLLLDEAFGHQVNGKGYKVLNHVRVIQGDGINPQSLRAILERITAAGYAADNVAFGMGGALLQKVDRDTQKFALKCSAVRVDGAWIDVYKDPITDQGKQSKRGRLTLLRDRATGQYRSALLDEVATHAGDSDDALVTVWENGQMLREWTLEQVRAHADAARL
A2AR95,reviewed,LRAD3_MOUSE,Low-density lipoprotein receptor class A domain-containing protein 3,Ldlrad3,Mus musculus (Mouse),345,MWLLGPLCLLLSSTAESQLLPGNNFTNECNIPGNFMCSNGRCIPGAWQCDGLPDCFDKSDEKECPKAKSKCGPTFFPCASGIHCIIGRFRCNGFEDCPDGSDEENCTANPLLCSTARYHCRNGLCIDKSFICDGQNNCQDNSDEESCESSLEPGSGQVFVTSENQLVYYPSITYAIIGSSVIFVLVVALLALVLHHQRKRNNLMTLPVHRLQHPVLLSRLVVLDHPHHCNVTYNVNNGVQYVATQAEQNASEVGSPPSYSEALLDQRPAWYDLPPPPYSSDTESLNQADLPPYRSRSGSAYSASSQAASSLLSVEASSHNPEQPGSPEGSAEPRDSVPSQGTEEV
P01575,reviewed,IFNB_MOUSE,Interferon beta (IFN-beta),Ifnb1 Ifb Ifnb,Mus musculus (Mouse),182,MNNRWILHAAFLLCFSTTALSINYKQLQLQERTNIRKCQELLEQLNGKINLTYRADFKIPMEMTEKMQKSYTAFAIQEMLQNVFLVFRNNFSSTGWNETIVVRLLDELHQQTVFLKTVLEEKQEERLTWEMSSTALHLKSYYWRVQRYLKLMKYNSYAWMVVRAEIFRNFLIIRRLTRNFQN
A0A2L0ART2,reviewed,TXF1A_SCOMU,Mu-scoloptoxin(15)-Ssm1a (Mu-SLPTX(15)-Ssm1a) (Potassium channel toxin SsTx) (Ssm spooky toxin),,Scolopendra mutilans (Chinese red-headed centipede) (Scolopendra subspinipes mutilans),76,MEKKIIFLVFLVALLALPGFISTEVIKKDTPYKKRKFPYKSECLKACATSFTGGDESRIQEGKPGFFKCTCYFTTG
G0S1P8,reviewed,AHP1_CHATD,Peroxiredoxin AHP1 (Prx) (EC 1.11.1.24) (Alkyl hydroperoxide reductase),AHP1 CTHT_0014370,Chaetomium thermophilum (strain DSM 1495 / CBS 144.50 / IMI 039719) (Thermochaetoides thermophila),172,MAPLQPGDSFPANVVFSYIPPTGSLDLTVCGRPIEYNASEALAKGTSVLVAVPGAFTPTCQEKHVTGFIAKLDQLRQAGVDRVLFIASNDAFVMSAWGKANGIKDESILFLSDSDTAFSSSIGWANAGRTGRYAIVVKDGKVVYAAVDTVRGSTEKSGVDAVLTVLGNQGKL
A5K302,reviewed,PLM5_PLAVS,Plasmepsin V (PvPMV) (EC 3.4.23.-) (Plasmepsin 5),PMV PVX_116695,Plasmodium vivax (strain Salvador I),536,MVGASLGPPGRGSLSRLIRLVICVLTLCALSVQGRSESTEGHSKDLLYKYKLYGDIDEYAYYFLDIDIGTPEQRISLILDTGSSSLSFPCAGCKNCGVHMENPFNLNNSKTSSILYCENEECPFKLNCVKGKCEYMQSYCEGSQISGFYFSDVVSVVSYNNERVTFRKLMGCHMHEESLFLYQQATGVLGMSLSKPQGIPTFVNLLFDNAPQLKQVFTICISENGGELIAGGYDPAYIVRRGGSKSVSGQGSGPVSESLSESGEDPQVALREAEKVVWENVTRKYYYYIKVRGLDMFGTNMMSSSKGLEMLVDSGSTFTHIPEDLYNKLNYFFDILCIQDMNNAYDVNKRLKMTNESFNNPLVQFDDFRKSLKSIIAKENMCVKIVDGVQCWKYLEGLPDLFVTLSNNYKMKWQPHSYLYKKESFWCKGIEKQVNNKPILGLTFFKNRQVIFDIQKNRIGFVDANCPSHPTHTRPRTYNEYKRKDNIFLKIPFFYLYSLFVVFALSVLLSLVFYVRRLYHMEYSPLPSEGKAPADA
P04401,reviewed,IL5_MOUSE,Interleukin-5 (IL-5) (B-cell growth factor II) (BCGF-II) (Cytotoxic T-lymphocyte inducer) (Eosinophil differentiation factor) (T-cell replacing factor) (TRF),Il5 Il-5,Mus musculus (Mouse),133,MRRMLLHLSVLTLSCVWATAMEIPMSTVVKETLTQLSAHRALLTSNETMRLPVPTHKNHQLCIGEIFQGLDILKNQTVRGGTVEMLFQNLSLIKKYIDRQKEKCGEERRRTRQFLDYLQEFLGVMSTEWAMEG
B8X8Z0,reviewed,TOXN_PECAT,Endoribonuclease ToxN (EndoRNase) (EC 3.1.-.-) (Toxin ToxN),toxN,Pectobacterium atrosepticum (Erwinia carotovora subsp. atroseptica),171,MKFYTISSKYIEYLKEFDDKVPNSEDPTYQNPKAFIGIVLEIQGHKYLAPLTSPKKWHNNVKESSLSCFKLHENGVPENQLGLINLKFMIPIIEAEVSLLDLGNMPNTPYKRMLYKQLQFIRANSDKIASKSDTLRNLVLQGKMQGTCNFSLLEEKYRDFGKEAEDTEEGE
A0MTA1,reviewed,APEX1_DANRE,DNA repair nuclease APEX1 (EC 3.1.11.2) (EC 3.1.21.-) (APEX nuclease) (APEN) (Apurinic-apyrimidinic endonuclease 1) (AP endonuclease 1) (zAP1),apex1 apex1a apex1b si:ch211-214j24.12 zgc:66204,Danio rerio (Zebrafish) (Brachydanio rerio),310,MPKRAKKNEEGVDGEADNGTAAAKKEKKGKEPEAPILYEDPPEKLTSKDGRAANMKITSWNVDGLRAWVKKNGLDWVRKEDPDILCLQETKCAEKALPADITGMPEYPHKYWAGSEDKEGYSGVAMLCKTEPLNVTYGIGKEEHDKEGRVITAEFPDFFLVTAYVPNASRGLVRLDYRKTWDVDFRAYLCGLDARKPLVLCGDLNVAHQEIDLKNPKGNRKNAGFTPEEREGFTQLLEAGFTDSFRELYPDQAYAYTFWTYMMNARSKNVGWRLDYFVLSSALLPGLCDSKIRNTAMGSDHCPITLFLAV
A0A0F6B5X4,reviewed,TACT3_SALT1,tRNA-acetylating toxin 3 (TacT3) (EC 2.3.1.-) (Toxin A6),tacT3 a6 STM14_3506,Salmonella typhimurium (strain 14028s / SGSC 2262),175,MMFTDWHEAAIGKTHNRMNFDCGDADLNQFLQRHARQNHEKGTTKTYVALDNSDVTRIHGFYSVSPASLIYAQVPGAISKGLGRYDVPVFRLGRLAVDKSMQGQGLGAQLLLSAGKRCIQAALQVGGVALLIDAKNKQVCDWYKGFGAVPLNDQPLSLLLSFKTLYAALSASGRL
C3W947,reviewed,CTSR_GEOSE,Transcriptional regulator CtsR (Class three stress gene repressor),ctsr,Geobacillus stearothermophilus (Bacillus stearothermophilus),153,MPNISDIIEQYLKQVLNMSDQDIVEIKRSEIANKFRCVPSQINYVINTRFTLERGYIVESKRGGGGYIRIMKVKTKSEAQLIDQLLELIDHRISQSSAEDVIKRLMEEKVISEREAKMMLSVMDRSVLYIDLPERDELRARMLKAMLTSLKYK
O14352,reviewed,LSM4_SCHPO,LSM complex subunit lsm4,lsm4 SPBC30D10.06,Schizosaccharomyces pombe (strain 972 / ATCC 24843) (Fission yeast),121,MLPLTLLNATQGRPILVELKNGETFNGHLENCDNYMNLTLREVIRTMPDGDKFFRLPECYIRGNNIKYLRIQDEVLSQVAKQQAQQRENRGSRFRGRGQRGRGNYGHTAPNRRGRGRGGHM
E9RAH5,reviewed,GLIT_ASPFU,Thioredoxin reductase gliT (EC 1.8.1.-) (Gliotoxin biosynthesis protein T),gliT AFUA_6G09740,Aspergillus fumigatus (strain ATCC MYA-4609 / CBS 101355 / FGSC A1100 / Af293) (Neosartorya fumigata),334,MSIGKLLSNGALLVDVLIIGAGPAGLSTATGLARQLHTAVVFDSGVYRNAKTQHMHNVLGWDHRNPAELRAAGRADLTTRYSTIQFQNSTIEAIRQVETNQLFEARDNEGHSWYGRKVVLATGVRDIPLDIEGYSECWANGIYHCLFCDGYEERGQETVGVLALGPIANPARALHLARMALRLSESVTIYTNGNEQLAKEIQQAAEESPVGASGLKFEARPIRRFEKGDVAKTVIVHLGESESKTEGFLVYNPQTEVNGPFAKQLALNMTEGGDILTTPPFYETSVPGVFAVGDCATPLKAVTPAVSMGSLAAGGLVAQLQAQALPEFRLDQEL
P0A9N4,reviewed,PFLA_ECOLI,Pyruvate formate-lyase 1-activating enzyme (EC 1.97.1.4) (Formate-C-acetyltransferase-activating enzyme 1) (PFL-activating enzyme 1),pflA act b0902 JW0885,Escherichia coli (strain K12),246,MSVIGRIHSFESCGTVDGPGIRFITFFQGCLMRCLYCHNRDTWDTHGGKEVTVEDLMKEVVTYRHFMNASGGGVTASGGEAILQAEFVRDWFRACKKEGIHTCLDTNGFVRRYDPVIDELLEVTDLVMLDLKQMNDEIHQNLVGVSNHRTLEFAKYLANKNVKVWIRYVVVPGWSDDDDSAHRLGEFTRDMGNVEKIELLPYHELGKHKWVAMGEEYKLDGVKPPKKETMERVKGILEQYGHKVMF
A0NLY7,reviewed,ISAHY_ROSAI,Isatin hydrolase (EC 3.5.2.20) (Isatin amidohydrolase) (Isatin hydrolase isoform b) (IH-b),SIAM614_09648,Roseibium aggregatum (strain ATCC 25650 / DSM 13394 / JCM 20685 / NBRC 16684 / NCIMB 2208 / IAM 12614 / B1) (Stappia aggregata),263,MSAQSALSGLGAKLLSGEVEVVDCTGVLGPNTPILQLPPDFAKNTPKVEIHKISEYDSDGPFFAWNWMVLGEHSGTHFDAPHHWITGKDYSDGFTDTLDVQRLIAPVNVIDCSKESAADPDFLLTADLIKAWEAEHGEIGAGEWVVMRTDWDKRAGDEAAFLNADETGPHSPGPTPDAIEYLLSKKIVGWGSQCIGTDAGQAGGMEPPFPAHNLLHRDNCFGLASLANLDKLPAKGAILIAAPLKIERGTGSPIRALALVPKA
P0A6D7,reviewed,AROK_ECOLI,Shikimate kinase 1 (SK 1) (EC 2.7.1.71) (Shikimate kinase I) (SKI),aroK b3390 JW5947,Escherichia coli (strain K12),173,MAEKRNIFLVGPMGAGKSTIGRQLAQQLNMEFYDSDQEIEKRTGADVGWVFDLEGEEGFRDREEKVINELTEKQGIVLATGGGSVKSRETRNRLSARGVVVYLETTIEKQLARTQRDKKRPLLHVETPPREVLEALANERNPLYEEIADVTIRTDDQSAKVVANQIIHMLESN
P69346,reviewed,YEFM_ECOLI,Antitoxin YefM,yefM b2017 JW5835,Escherichia coli (strain K12),83,MRTISYSEARQNLSATMMKAVEDHAPILITRQNGEACVLMSLEEYNSLEETAYLLRSPANARRLMDSIDSLKSGKGTEKDIIE
D2Z028,reviewed,DCSE_STRLA,L-serine/homoserine O-acetyltransferase (EC 2.3.1.30) (EC 2.3.1.31) (Homoserine O-trans-acetylase),dcsE metX,Streptomyces lavendulae,374,MREFIPPASRFIELPDGFAMRRGGALYGARIAYETFGSLNAARDNAVLVLTGLSPDAHAASRPDDPTPGWWEAMVGPGKPVDTDLWHVICVNSLGSCKGSTGPASTDPRTGEPYRLSFPELSIEDIADAAAHTVRALGISRLACVVGASMGGMSALALLARHPELARTHISLSGAVHALPFSIAVRSLQREAIRSDPGWLQGHYDEGEGPRRGMLTARKLGMMTYRSAQEWDCRFGRTRIGERRRADQGRFGPEFEVESYLDFHAQRFADRFDPNSYLYLSHAMDQFDLGDGGGGGGGAPGALSRMRVERALVMGARTDILFPLSQQQEIADGLSAGGADVSFLPVDTPAGHDAFLVDIERFGPPVAKFLAIVA
A0MGZ7,reviewed,H6S3B_DANRE,Heparan-sulfate 6-O-sulfotransferase 3-B (HS 6-OST-3-B) (EC 2.8.2.-),hs6st3b,Danio rerio (Zebrafish) (Brachydanio rerio),419,MNDKPNKWIFIPILAILFVMIGYQYVCPAGGQACHFRTGDKLVRIAPLATPDPTTDDLYREQDPEEDNPPKCASKFNFTERDLTRDVDFNIKGDDVIVFLHIQKTGGTTFGRHLVRNIRLEQPCDCKAGQKKCTCHRPGKQESWLFSRFSTGWSCGLHADWTELTNCVPVIMDKRQPPKRKRNFYYITMLRDPVSRYLSEWKHVQRGATWKTSLHMCDGRSPTQDELPTCYNGDDWSGVTLHDFMDCPSNLANNRQVRMLADLSLVGCYNLSTMNESERNPILLASAKSNLKNMAFYGLTEFQRKTQYLFERTFHLRFISAFTQINSTRAANVELRDDMRSRIEQLNMLDMQLYEFAKDLFLQRYQFVRQRERQEERLKRREERRWIRERRVNQSKEPIVENQTRVTTTEDYASQVVRW
D2CVN6,reviewed,TEB1_TETTS,Telomeric repeat-binding subunit 1 (Telomerase-associated protein of 82 kDa) (p82),TEB1 TAP82 TTHERM_00218760,Tetrahymena thermophila (strain SB210),701,MKLTKGGSYILKKVDRKQFYQDEEIVMQIKKILGQKTTDCKQYIKCECIDGLGDEALIYFEMLANQNQHLQKNDVIMIQDYLNDKTQNDKIVVLVTRFQFCKASHVQPKTAQKESIQLLNTEKTIIQKSKITKNPAEEVLKFIEVNEKDNSSNSEDMIIEQQKQEIKNNQKEKQSINGFNLEDSYSNISDITNFGGKSNFNIGSLSDQLSKQTLLISQLQVGKNRFSFKFEGRVVYKSSTFQNQQDSKYFFITAQDANNQEINLSFWQKVDQSYQTLKVGQYYYFIGGEVKQFKNNLELKFKFGDYQIIPKETLSANYVQPLALQPSKQFGNDSIGDSDYSIHNLIEKEESIAQKGYNGQKNNKYRQNNNNSKHTLLISEVLKTSKQYLSVLAQVVDIQSSDKNIRLKICDNSCNQELKVVIFPDLCYEWRDKFSINKWYYFNEFVRQIYNDEVQLKNNIHSSIKESDDQRKVITYNQEQGVFKKSISINSNDSFEIKPKISYKNNSNQEQRIYSSIEEIIQQAQASEIGQKKEFYVYGNLVSIQMKNKLYYYRCTCQGKSVLKYHGDSFFCESCQQFINPQVHLMLRAFVQDSTGTIPVMIFDQQSSQLINQIDPSIHVQEAGQYVKNCIENGQEEIIRQLFSKLDFARFIFEIQFENKEFNNEQEIAYKVLKIEKENIKEESKYLLKKLEHLINNNQNN
O53177,reviewed,RPFE_MYCTU,Resuscitation-promoting factor RpfE (EC 3.-.-.-),rpfE Rv2450c MTV008.06c,Mycobacterium tuberculosis (strain ATCC 25618 / H37Rv),172,MKNARTTLIAAAIAGTLVTTSPAGIANADDAGLDPNAAAGPDAVGFDPNLPPAPDAAPVDTPPAPEDAGFDPNLPPPLAPDFLSPPAEEAPPVPVAYSVNWDAIAQCESGGNWSINTGNGYYGGLRFTAGTWRANGGSGSAANASREEQIRVAENVLRSQGIRAWPVCGRRG
A0R5M8,reviewed,EGTD_MYCS2,Histidine N-alpha-methyltransferase (EC 2.1.1.44) (Histidine trimethyltransferase),egtD MSMEG_6247 MSMEI_6086,Mycolicibacterium smegmatis (strain ATCC 700084 / mc(2)155) (Mycobacterium smegmatis),321,MTLSLANYLAADSAAEALRRDVRAGLTAAPKSLPPKWFYDAVGSDLFDQITRLPEYYPTRTEAQILRTRSAEIIAAAGADTLVELGSGTSEKTRMLLDAMRDAELLRRFIPFDVDAGVLRSAGAAIGAEYPGIEIDAVCGDFEEHLGKIPHVGRRLVVFLGSTIGNLTPAPRAEFLSTLADTLQPGDSLLLGTDLVKDTGRLVRAYDDAAGVTAAFNRNVLAVVNRELSADFDLDAFEHVAKWNSDEERIEMWLRARTAQHVRVAALDLEVDFAAGEEMLTEVSCKFRPENVVAELAEAGLRQTHWWTDPAGDFGLSLAVR
A0A0H3LM39,reviewed,ZIP_BORBR,Zinc transporter ZIPB (BbZIP),BB2405,Bordetella bronchiseptica (strain ATCC BAA-588 / NCTC 13252 / RB50) (Alcaligenes bronchisepticus),309,MNQPSSLAADLRGAWHAQAQSHPLITLGLAASAAGVVLLLVAGIVNALTGENRVHVGYAVLGGAAGFAATALGALMALGLRAISARTQDAMLGFAAGMMLAASAFSLILPGLDAAGTIVGPGPAAAAVVALGLGLGVLLMLGLDYFTPHEHERTGHQGPEAARVNRVWLFVLTIILHNLPEGMAIGVSFATGDLRIGLPLTSAIAIQDVPEGLAVALALRAVGLPIGRAVLVAVASGLMEPLGALVGVGISSGFALAYPISMGLAAGAMIFVVSHEVIPETHRNGHETTATVGLMAGFALMMFLDTALG
P00593,reviewed,PA21B_BOVIN,Phospholipase A2 (EC 3.1.1.4) (Group IB phospholipase A2) (Phosphatidylcholine 2-acylhydrolase 1B),PLA2G1B,Bos taurus (Bovine),145,MRLLVLAALLTVGAGQAGLNSRALWQFNGMIKCKIPSSEPLLDFNNYGCYCGLGGSGTPVDDLDRCCQTHDNCYKQAKKLDSCKVLVDNPYTNNYSYSCSNNEITCSSENNACEAFICNCDRNAAICFSKVPYNKEHKNLDKKNC
O13563,reviewed,RPN13_YEAST,26S proteasome regulatory subunit RPN13 (Proteasome non-ATPase subunit 13),RPN13 DAQ1 YLR421C,Saccharomyces cerevisiae (strain ATCC 204508 / S288c) (Baker's yeast),156,MSMSSTVIKFRAGVCEYNEDSRLCTPIPVQGEIEIKPNEEEELGFWDFEWRPTEKPVGRELDPISLILIPGETMWVPIKSSKSGRIFALVFSSNERYFFWLQEKNSGNLPLNELSAKDKEIYNKMIGVLNNSSESDEEESNDEKQKAQDVDVSMQD
M1MR49,reviewed,JAP_RHIAP,Japanin (18 kDa immune-modulatory lipocalin) (Cholesterol binding protein),,Rhipicephalus appendiculatus (Brown ear tick),176,MKVLRCLVCSFYIIVSLITTMTIGTPSMPAINTQTLYLAGHSSKLFERNVGCVKTRYLNQTGDWVTRSLIYVFTFDTEPWVTQAGAFQVKWEPYSPLLRVKASDYVRDNLGAKPDYFIRTYDNDFLLLSDLKEVRSTCSLWVTLKYVDRIPETINRTFYTICPDPVPVPFDERCYP
C4YMW2,reviewed,THI5_CANAW,4-amino-5-hydroxymethyl-2-methylpyrimidine phosphate synthase (HMP-P synthase) (Hydroxymethylpyrimidine phosphate synthase) (EC 2.-.-.-) (Thiamine biosynthesis protein 5) (Thiamine pyrimidine synthase),THI5 CAWG_02199,Candida albicans (strain WO-1) (Yeast),339,MSTNKITFLLNWEAAPYHIPVYLANIKGYFKDENLDIAILEPSNPSDVTELVGSGKVDMGLKAMVHTLAAKARGFPVTSIGSLLDEPFTGICYLEGSGITSDFQSLKGKRIGYVGEFGKIQVDELTKHYGMTPDDYVAVRCGMNVAKYILEGTIDCGIGIECIQQVELEEALKEQGKDSNDAKMLRIDKLAELGCCCFCTILYIANDKFIAENPQAVKKFLKAIKRATDYMLAHPREAWAEYGNFKPTMQTDLNTKKFQRCYAYFSESLYNVHRDWRKVNNYGKRLDILPENYVPNYTNEYLSWPEPKEVDDPEKAQDLMLKHQEECKTCGGYKRLVLA
A8MQA5,reviewed,ESF13_ARATH,EMBRYO SURROUNDING FACTOR 1.3 (Maternally expressed family protein 1.3) (Maternally expressed gene 1.3),ESF1.3 MEG1.3 At1g10717 F20B24 T16B5,Arabidopsis thaliana (Mouse-ear cress),90,MKSSHTTLICIIMLSLFALHECEKMEVKEIGRSSKIILPACMHETCSGGFSLKNDCWCCLRLKTKQARCWKEKEFPNAKELCFANCPPLE
O07623,reviewed,SBOA_BACSU,Subtilosin-A (Antilisterial bacteriocin subtilosin),sboA sbo BSU37350,Bacillus subtilis (strain 168),43,MKKAVIVENKGCATCSIGAACLVDGPIPDFEIAGATGLFGLWG
P0A814,reviewed,RUVC_ECOLI,Crossover junction endodeoxyribonuclease RuvC (EC 3.1.21.10) (Holliday junction endonuclease RuvC) (Holliday junction nuclease RuvC) (Holliday junction resolvase RuvC),ruvC b1863 JW1852,Escherichia coli (strain K12),173,MAIILGIDPGSRVTGYGVIRQVGRQLSYLGSGCIRTKVDDLPSRLKLIYAGVTEIITQFQPDYFAIEQVFMAKNADSALKLGQARGVAIVAAVNQELPVFEYAARQVKQTVVGIGSAEKSQVQHMVRTLLKLPANPQADAADALAIAITHCHVSQNAMQMSESRLNLARGRLR
O23736,reviewed,GSH1_BRAJU,"Glutamate--cysteine ligase, chloroplastic (EC 6.3.2.2) (Gamma-ECS) (GCS) (Gamma-glutamylcysteine synthetase)",GSH1 ECS1,Brassica juncea (Indian mustard) (Sinapis juncea),514,MALLSQAGGAYTVPSGHVSSRTGTKTVSGCVNVLRMKETYVSSYSRTLSTKSMLKRSKRGHQLIVAASPPTEEAVVATEPLTREDLIAYLASGCKSKEKWRIGTEHEKFGFEVNTLRPMKYDQIAELLNSIAERFEWEKVMEGDKIIGLKQGKQSISLEPGGQFELSGAPLETLHQTCAEVNSHLYQVKAVAEEMGIGFLGMGFQPKWRREDIPTMPKGRYDIMRNYMPKVGSLGLDMMLRTCTVQVNLDFSSEADMIRKFRAGLALQPIATALFANSPFTEGKPNGFLSMRSHIWTDTDKDRTGMLPFVFDDSFGFEQYVDYALDVPMYFAYRNGKYVDCTGMTFRQFLAGKLPCLPGELPTYNDWENHLTTIFPEVRLKRYMEMRGADGGPWRRLCALPAFWVGLLYDEDVLQSVLDLTADWTPAEREMLRNKVPVTGLKTPFRDGLLKHVAEDVLKLAKDGLERRGYKEVGFLNAVTEVVRTGVTPAENLLEMYNGEWGQSVDPVFQELLY
A5CAL1,reviewed,2KGR_VITVI,Glyoxylate/hydroxypyruvate/pyruvate reductase 2KGR (EC 1.1.1.26) (EC 1.1.1.28) (EC 1.1.1.79) (2-keto-L-gulonate reductase) (Vv2KGR) (EC 1.1.1.-),2KGR VIT_09s0002g04300 VITISV_025327,Vitis vinifera (Grape),313,MESIGVLLTCPMNPYLEQELDKRFKLFRFWDFPSANDLFREHSNSIRAVVGNSFIGADAQMIEALPKMEIVSSFSVGLDKIDLVRCKEKGIRVTNTPDVLTEDVADLALALILATLRRICESDRYVRSGSWKKGDFKLTTKFTGKSVGIIGLGRIGSAIAKRAEGFSCPISYHSRTEKPGTNYKYYPSVVELASNCQILVVACALTPETRHIINREVINALGPKGVVINIGRGLHVDEPELVSALVEGRLGGAGLDVFENEPNVPEELLAMDNVVLLPHVGSGTVETRKDMADLVLGNLEAHFLNKPLLTPVV
D5AUZ9,reviewed,CBIM_RHOCB,Cobalt transport protein CbiM (Energy-coupling factor transporter probable substrate-capture protein CbiM) (ECF transporter S component CbiM),cbiM RCAP_rcc02037,Rhodobacter capsulatus (strain ATCC BAA-309 / NBRC 16581 / SB1003),222,MHIMEGYLPVTHAIGWSLAAGPFVVAGAVKIRKIVAERPEARMTLAASGAFAFVLSALKIPSVTGSCSHPTGTGLGAVVFGPSVMAVLGVIVLLFQALLLAHGGLTTLGANAFSMAIVGPWVAWGVYKLAGKAGASMAVAVFLAAFLGDLATYVTTSLQLALAYPDPVSGFLGAALKFGSVFALTQIPLAIAEGFLTVIVVDALAGKVDDKDKLRILAGEAR
P02919,reviewed,PBPB_ECOLI,Penicillin-binding protein 1B (PBP-1b) (PBP1b) (Murein polymerase) [Includes: Penicillin-insensitive transglycosylase (EC 2.4.99.28) (Peptidoglycan TGase) (Peptidoglycan glycosyltransferase); Penicillin-sensitive transpeptidase (EC 3.4.16.4) (DD-transpeptidase)],mrcB pbpF ponB b0149 JW0145,Escherichia coli (strain K12),844,MAGNDREPIGRKGKPTRPVKQKVSRRRYEDDDDYDDYDDYEDEEPMPRKGKGKGKGRKPRGKRGWLWLLLKLAIVFAVLIAIYGVYLDQKIRSRIDGKVWQLPAAVYGRMVNLEPDMTISKNEMVKLLEATQYRQVSKMTRPGEFTVQANSIEMIRRPFDFPDSKEGQVRARLTFDGDHLATIVNMENNRQFGFFRLDPRLITMISSPNGEQRLFVPRSGFPDLLVDTLLATEDRHFYEHDGISLYSIGRAVLANLTAGRTVQGASTLTQQLVKNLFLSSERSYWRKANEAYMALIMDARYSKDRILELYMNEVYLGQSGDNEIRGFPLASLYYFGRPVEELSLDQQALLVGMVKGASIYNPWRNPKLALERRNLVLRLLQQQQIIDQELYDMLSARPLGVQPRGGVISPQPAFMQLVRQELQAKLGDKVKDLSGVKIFTTFDSVAQDAAEKAAVEGIPALKKQRKLSDLETAIVVVDRFSGEVRAMVGGSEPQFAGYNRAMQARRSIGSLAKPATYLTALSQPKIYRLNTWIADAPIALRQPNGQVWSPQNDDRRYSESGRVMLVDALTRSMNVPTVNLGMALGLPAVTETWIKLGVPKDQLHPVPAMLLGALNLTPIEVAQAFQTIASGGNRAPLSALRSVIAEDGKVLYQSFPQAERAVPAQAAYLTLWTMQQVVQRGTGRQLGAKYPNLHLAGKTGTTNNNVDTWFAGIDGSTVTITWVGRDNNQPTKLYGASGAMSIYQRYLANQTPTPLNLVPPEDIADMGVDYDGNFVCSGGMRILPVWTSDPQSLCQQSEMQQQPSGNPFDQSSQPQQQPQQQPAQQEQKDSDGVAGWIKDMFGSN
O55013,reviewed,TPPC3_MOUSE,Trafficking protein particle complex subunit 3 (BET3 homolog),Trappc3 Bet3,Mus musculus (Mouse),180,MSRQANRGTESKKMSSELFTLTYGALVTQLCKDYENDEDVNKQLDRMGYNIGVRLIEDFLARSNVGRCHDFRETADVIAKVAFKMYLGITPSITNWSPAGDEFSLILENNPLVDFVELPDNHSALIYSNLLCGVLRGALEMVQMAVEAKFVQDTLKGDGVTEIRMRFIRRIEDNLPAGEE
A0A0F7KYQ8,reviewed,BLBV1_PSEAE,Metallo-beta-lactamase VIM-1 (EC 3.5.2.6),VIM-1 blaVIM-1,Pseudomonas aeruginosa (strain ATCC 15692 / DSM 22644 / CIP 104116 / JCM 14847 / LMG 12228 / 1C / PRS 101 / PAO1),266,MLKVISSLLVYMTASVMAVASPLAHSGEPSGEYPTVNEIPVGEVRLYQIADGVWSHIATQSFDGAVYPSNGLIVRDGDELLLIDTAWGAKNTAALLAEIEKQIGLPVTRAVSTHFHDDRVGGVDVLRAAGVATYASPSTRRLAEAEGNEIPTHSLEGLSSSGDAVRFGPVELFYPGAAHSTDNLVVYVPSANVLYGGCAVHELSSTSAGNVADADLAEWPTSVERIQKHYPEAEVVIPGHGLPGGLDLLQHTANVVKAHKNRSVAE
P13001,reviewed,BIOH_ECOLI,Pimeloyl-[acyl-carrier protein] methyl ester esterase (EC 3.1.1.85) (Biotin synthesis protein BioH) (Carboxylesterase BioH),bioH bioB b3412 JW3375,Escherichia coli (strain K12),256,MNNIWWQTKGQGNVHLVLLHGWGLNAEVWRCIDEELSSHFTLHLVDLPGFGRSRGFGALSLADMAEAVLQQAPDKAIWLGWSLGGLVASQIALTHPERVQALVTVASSPCFSARDEWPGIKPDVLAGFQQQLSDDFQRTVERFLALQTMGTETARQDARALKKTVLALPMPEVDVLNGGLEILKTVDLRQPLQNVSMPFLRLYGYLDGLVPRKVVPMLDKLWPHSESYIFAKAAHAPFISHPAEFCHLLVALKQRV
P38636,reviewed,ATX1_YEAST,Copper chaperone ATX1 (Antioxidant protein 1) (Metal homeostasis protein ATX1),ATX1 YNL259C N0840,Saccharomyces cerevisiae (strain ATCC 204508 / S288c) (Baker's yeast),73,MAEIKHYQFNVVMTCSGCSGAVNKVLTKLEPDVSKIDISLEKQLVDVYTTLPYDFILEKIKKTGKEVRSGKQL
P00366,reviewed,DHE3_BOVIN,"Glutamate dehydrogenase 1, mitochondrial (GDH 1) (EC 1.4.1.3)",GLUD1 GLUD,Bos taurus (Bovine),558,MYRYLGEALLLSRAGPAALGSASADSAALLGWARGQPAAAPQPGLVPPARRHYSEAAADREDDPNFFKMVEGFFDRGASIVEDKLVEDLKTRETEEQKRNRVRSILRIIKPCNHVLSLSFPIRRDDGSWEVIEGYRAQHSQHRTPCKGGIRYSTDVSVDEVKALASLMTYKCAVVDVPFGGAKAGVKINPKNYTDNELEKITRRFTMELAKKGFIGPGVDVPAPDMSTGEREMSWIADTYASTIGHYDINAHACVTGKPISQGGIHGRISATGRGVFHGIENFINEASYMSILGMTPGFGDKTFVVQGFGNVGLHSMRYLHRFGAKCITVGESDGSIWNPDGIDPKELEDFKLQHGTILGFPKAKIYEGSILEVDCDILIPAASEKQLTKSNAPRVKAKIIAEGANGPTTPEADKIFLERNIMVIPDLYLNAGGVTVSYFEWLNNLNHVSYGRLTFKYERDSNYHLLMSVQESLERKFGKHGGTIPIVPTAEFQDRISGASEKDIVHSGLAYTMERSARQIMRTAMKYNLGLDLRTAAYVNAIEKVFRVYNEAGVTFT
A4ZDL6,reviewed,GNK2_GINBI,Antifungal protein ginkbilobin-2 (Antimicrobial protein Gnk2-1),GNK2 GNK2-1,Ginkgo biloba (Ginkgo) (Maidenhair tree),134,MKTMRMNSAFILAFALAAAMLILTEAANTAFVSSACNTQKIPSGSPFNRNLRAMLADLRQNTAFSGYDYKTSRAGSGGAPTAYGRATCKQSISQSDCTACLSNLVNRIFSICNNAIGARVQLVDCFIQYEQRSF
A0A1S7LCW6,reviewed,MAMP_MAGMO,Multi-heme protein MamP (EC 1.-.-.-) (Magnetochrome MamP) (Magnetosome-associated protein MamP),mamP MAGMO_0521,Magnetococcus massalia (strain MO-1),260,MKLKGTTIVALGMLVVAIMVLASMIDLPGSDMSATPAPPDTPRGAPIVGGQGQAMGLPVAMQRRRGEQRAPVPALSDANGGFVAPNVQFSEAHWQGMEALPLSIELKRKLKLPLDLEGLLIDETSLNAAVSGLLAGDVLVAINGRKVKTLKKMQKETRRVQMDRRASLTVYRKGRLLTLTLSEEKNLGLAQVETAPMILPGDIMPHPYRGPCTQCHAIGTTGHITPDPDGIVLPPGPIRAGAKMPHRDRGPCAACHAIIQ
B5BLW5,reviewed,ARE_SACSO,Arylesterase (A-esterase) (EC 3.1.1.2) (Paraoxonase) (EC 3.1.8.1),are,Saccharolobus solfataricus (Sulfolobus solfataricus),306,MPLDPEVRNFLQVYYKANIIDFTKYQFQEIRQKVNELLAKAVPKDPVGETRDMKIKLEDYELPIRIYSPIKRTNNGLVMHFHGGAWILGSIETEDAISRILSNSCECTVISVDYRLAPEYKFPTAVYDCFNAIVWARDNAGELGIDKDKIATFGISAGGNLVAATSLLARDNKLKLTAQVPVVPFVYLDLASKSMNRYRKGYFLDINLPVDYGVKMYIRDEKDLYNPLFSPLIAEDLSNLPQAIVVTAEYDPLRDQGEAYAYRLMESGVPTLSFRVNGNVHAFLGSPRTSRQVTVMIGALLKDIFK
A0A0N7CSQ4,reviewed,TX41A_SCOMU,Tau-scoloptoxin(04)-Ssm1b (Tau-SLPTX(04)-Ssm1b) (Toxin RhTx2) [Cleaved into: Tau-scoloptoxin(04)-Ssm1a (Tau-SLPTX(04)-Ssm1a) (Toxin RhTx)],,Scolopendra mutilans (Chinese red-headed centipede) (Scolopendra subspinipes mutilans),68,MLKSFCILSVFMVLFLAKFPDLCSGEEISPLKIVVRNSEYLNNPCNGVTCPSGYRCSIVDKQCIKKEK
O70480,reviewed,VAMP4_MOUSE,Vesicle-associated membrane protein 4 (VAMP-4),Vamp4,Mus musculus (Mouse),141,MPPKFKRHLNDDDVTGSVKSERRNLLEDDSDEEEDFFLRGPSGPRFGPRNDKIKHVQNQVDEVIDVMQENITKVIERGERLDELQDKSESLSDNATAFSNRSKQLRRQMWWRGCKIKAIMALAAAILLLMIIILIVVKFRT
A0A1D8PJX3,reviewed,RIP1_CANAL,"Cytochrome b-c1 complex subunit Rieske, mitochondrial (EC 7.1.1.8) (Complex III subunit 7)",RIP1 CAALFM_C304430WA orf19.13314,Candida albicans (strain SC5314 / ATCC MYA-2876) (Yeast),213,MSSLAFRTLRNGLGLKSSVRALSTTTTTLSNYQQPDYSSYLNNKSGQGSRNFTYFMVGSMGLLSAAGAKSTVEAFLSSFAASADVLAMAKVEVKLGAIPEGKNVIIKWQGKPVFIRHRTADEIEEANQVDIKTLRDPQNDADRVKKPEWLIMLGICTHLGCVPIGEAGDFGGWFCPCHGSHYDISGRIRKGPAPLNLEIPEYDFTDDETLLVG
A0A1S4F020,reviewed,CBPB1_AEDAE,Carboxypeptidase B1 (AaCPB-I) (CPBAe1) (EC 3.4.17.2),CPB1 CPB-I,Aedes aegypti (Yellowfever mosquito) (Culex aegypti),412,MIPRIVVVLLSVLAVVTARRSYEGYKVYGIVPESPDEAEILYQIRQSNPDLDFWHLTKQPGDEARVLVAPKDQRSFLIKLIRHGLHYQEVISDVEGTLAPYNEPRTRGMSLDRDVSTSYLRHNEINEYLQTLSQKYPSLVSVEEAGTSYEGRSIKTITINKKPGNAVVFLDAGIHAREWIAPATALYAIEQLVEHSSENQEVLSNLTWVIMPVVNPDGYEFSHETDRFWRKTRKPTGKTCKGTDGNRNFDYHWGEVGASTQACADTFRGETAFSEPETRAVRDAVMKLKGSCKFYLSLHSYGNYILYPWGWTSKLPETWEAIDEVAQAGAEAIKQSTGSRYTVGSSTNVLYAAAGGSDDWAFAVAEVPISITMELPGGGNGGFNPPPSSIEKIVNESWVGIKAMALKVAQMF
P0A9M2,reviewed,HPRT_ECOLI,Hypoxanthine phosphoribosyltransferase (HPRT) (EC 2.4.2.8) (6-oxopurine phosphoribosyltransferase) (6-oxopurine PRTase),hpt b0125 JW5009,Escherichia coli (strain K12),178,MKHTVEVMIPEAEIKARIAELGRQITERYKDSGSDMVLVGLLRGSFMFMADLCREVQVSHEVDFMTASSYGSGMSTTRDVKILKDLDEDIRGKDVLIVEDIIDSGNTLSKVREILSLREPKSLAICTLLDKPSRREVNVPVEFIGFSIPDEFVVGYGIDYAQRYRHLPYIGKVILLDE
P06100,reviewed,NOT2_YEAST,General negative regulator of transcription subunit 2 (cell division cycle protein 36),CDC36 DNA19 NOT2 YDL165W,Saccharomyces cerevisiae (strain ATCC 204508 / S288c) (Baker's yeast),191,MEKFGLKALVPLLKLEDKELSSTYDHSMTLGADLSSMLYSLGIPRDSQDHRVLDTFQSPWAETSRSEVEPRFFTPESFTNIPGVLQSTVTPPCFNSIQNDQQRVALFQDETLFFLFYKHPGTVIQELTYLELRKRNWRYHKTLKAWLTKDPMMEPIVSADGLSERGSYVFFDPQRWEKCQRDFLLFYNAIM
P0A6Q6,reviewed,FABZ_ECOLI,3-hydroxyacyl-[acyl-carrier-protein] dehydratase FabZ (EC 4.2.1.59) ((3R)-hydroxymyristoyl-[acyl-carrier-protein] dehydratase) ((3R)-hydroxymyristoyl-ACP dehydrase) (17 kDa actomyosin component) (Beta-hydroxyacyl-ACP dehydratase),fabZ sefA yaeA b0180 JW0175,Escherichia coli (strain K12),151,MTTNTHTLQIEEILELLPHRFPFLLVDRVLDFEEGRFLRAVKNVSVNEPFFQGHFPGKPIFPGVLILEAMAQATGILAFKSVGKLEPGELYYFAGIDEARFKRPVVPGDQMIMEVTFEKTRRGLTRFKGVALVDGKVVCEATMMCARSREA
P11632,reviewed,NHP6A_YEAST,Non-histone chromosomal protein 6A,NHP6A NHPA YPR052C YP9499.09C,Saccharomyces cerevisiae (strain ATCC 204508 / S288c) (Baker's yeast),93,MVTPREPKKRTTRKKKDPNAPKRALSAYMFFANENRDIVRSENPDITFGQVGKKLGEKWKALTPEEKQPYEAKAQADKKRYESEKELYNATLA
P35554,reviewed,FTN_DROME,Flightin (Muscle protein 27),fln FTN mp27 CG7445,Drosophila melanogaster (Fruit fly),182,MADEEDPWGFDDGGEEEKAASTQAGTPAPPSKAPSVASDHKADSVVAGTPANEEAAPEEVEEIKAPPPPPEDDGYRKPVQLYRHWVRPKFLQYKYMYNYRTNYYDDVIDYIDKKQTGVAREIPRPQTWAERVLRTRNISGSDIDSYAPAKRDKQLIQTLAASIRTYNYHTKAYINQRYASVL
P08525,reviewed,QCR8_YEAST,"Cytochrome b-c1 complex subunit 8, mitochondrial (Complex III subunit 8) (Complex III subunit VII) (Ubiquinol-cytochrome c oxidoreductase subunit 8) (Ubiquinol-cytochrome c reductase complex 11 kDa protein) (Ubiquinone-binding protein QP-C)",QCR8 YJL166W J0526,Saccharomyces cerevisiae (strain ATCC 204508 / S288c) (Baker's yeast),94,MGPPSGKTYMGWWGHMGGPKQKGITSYAVSPYAQKPLQGIFHNAVFNSFRRFKSQFLYVLIPAGIYWYWWKNGNEYNEFLYSKAGREELERVNV
P0AGJ7,reviewed,TRML_ECOLI,tRNA (cytidine(34)-2'-O)-methyltransferase (EC 2.1.1.207) (tRNA (cytidine/uridine-2'-O-)-methyltransferase TrmL),trmL yibK b3606 JW3581,Escherichia coli (strain K12),157,MLNIVLYEPEIPPNTGNIIRLCANTGFRLHIIEPMGFAWDDKRLRRAGLDYHEFTAVTRHHDYRAFLEAENPQRLFALTTKGTPAHSAVSYQDGDYLMFGPETRGLPASILDALPAEQKIRIPMVPDSRSMNLSNAVSVVVYEAWRQLGYPGAVLRD
Q8DHA7,reviewed,PSBM_THEVB,Photosystem II reaction center protein M (PSII-M),psbM tsl2052,Thermosynechococcus vestitus (strain NIES-2133 / IAM M-273 / BP-1),36,MEVNQLGLIATALFVLVPSVFLIILYVQTESQQKSS
O50333,reviewed,TRWI_ECOLX,Type IV secretion system protein TrwI,trwI virB6,Escherichia coli,342,MAFELFTPLFNKIDQTTATYVTDISSRAIAAITPVVSVGLTLGFITYGWLIIRGAVEMPVAEFLNRCLRIGIIVSIALAGGLYQGEIANAITTVPDELASALLGNPTEGASAAALVDQSAQQGFDRASEAFEEAGFFSSDGLLYGLFGIIIPAGYGPAGAIGGAFLLLAKIALALLAGLGPLFILALIWQPTHRFFDQWAQQVLNYGLLIVLFAAVFGLLMQIFGSYMADLRFDGAQNVAYAIGGSVILSIVSIVLLMQLPSIASGLAGGIGLGYMWELRSMRSGAGAAMRGGRAMARGARAAPGAARGAAVGAANMAKTVATGGAGVARAAAGYFRGRKAG
P0A8Q3,reviewed,FRDD_ECOLI,Fumarate reductase subunit D (Fumarate reductase 13 kDa hydrophobic protein) (Quinol-fumarate reductase subunit D) (QFR subunit D),frdD b4151 JW4112,Escherichia coli (strain K12),119,MINPNPKRSDEPVFWGLFGAGGMWSAIIAPVMILLVGILLPLGLFPGDALSYERVLAFAQSFIGRVFLFLMIVLPLWCGLHRMHHAMHDLKIHVPAGKWVFYGLAAILTVVTLIGVVTI
O29634,reviewed,RNH2_ARCFU,Ribonuclease HII (RNase HII) (EC 3.1.26.4),rnhB AF_0621,Archaeoglobus fulgidus (strain ATCC 49558 / DSM 4304 / JCM 9628 / NBRC 100126 / VC-16),205,MKAGIDEAGKGCVIGPLVVAGVACSDEDRLRKLGVKDSKKLSQGRREELAEEIRKICRTEVLKVSPENLDERMAAKTINEILKECYAEIILRLKPEIAYVDSPDVIPERLSRELEEITGLRVVAEHKADEKYPLVAAASIIAKVEREREIERLKEKFGDFGSGYASDPRTREVLKEWIASGRIPSCVRMRWKTVSNLRQKTLDDF
P15067,reviewed,GLGX_ECOLI,"Glycogen debranching enzyme (EC 3.2.1.196) (Glycogen operon protein GlgX) (Limit dextrin alpha-1,6-maltotetraose-hydrolase)",glgX glyX b3431 JW3394,Escherichia coli (strain K12),657,MTQLAIGKPAPLGAHYDGQGVNFTLFSAHAERVELCVFDANGQEHRYDLPGHSGDIWHGYLPDARPGLRYGYRVHGPWQPAEGHRFNPAKLLIDPCARQIDGEFKDNPLLHAGHNEPDYRDNAAIAPKCVVVVDHYDWEDDAPPRTPWGSTIIYEAHVKGLTYLHPEIPVEIRGTYKALGHPVMINYLKQLGITALELLPVAQFASEPRLQRMGLSNYWGYNPVAMFALHPAYACSPETALDEFRDAIKALHKAGIEVILDIVLNHSAELDLDGPLFSLRGIDNRSYYWIREDGDYHNWTGCGNTLNLSHPAVVDYASACLRYWVETCHVDGFRFDLAAVMGRTPEFRQDAPLFTAIQNCPVLSQVKLIAEPWDIAPGGYQVGNFPPLFAEWNDHFRDAARRFWLHYDLPLGAFAGRFAASSDVFKRNGRLPSAAINLVTAHDGFTLRDCVCFNHKHNEANGEENRDGTNNNYSNNHGKEGLGGSLDLVERRRDSIHALLTTLLLSQGTPMLLAGDEHGHSQHGNNNAYCQDNQLTWLDWSQASSGLTAFTAALIHLRKRIPALVENRWWEEGDGNVRWLNRYAQPLSTDEWQNGPKQLQILLSDRFLIAINATLEVTEIVLPAGEWHAIPPFAGEDNPVITAVWQGPAHGLCVFQR
A0A0S2GKZ1,reviewed,LP9A_PANSI,"AA9 family lytic polysaccharide monooxygenase A (LPMO9A) (EC 1.14.99.56) (Cellulase LPMO9A) (Endo-beta-1,4-glucanase LPMO9A) (Endoglucanase LPMO9A) (Glycosyl hydrolase 61 family protein LPMO9A)",LPMO9A,Panus similis (Lentinoid fungus) (Lentinus similis),254,MKYSILGLTALSFVASAAAHTLVWGVWVNGVDQGDGRNIYIRSPPNNNPVKNLTSPDMTCNVDNRVVPKSVPVNAGDTLTFEWYHNTRDDDIIASSHHGPIAVYIAPAASNGQGNVWVKLFEDAYNVTNSTWAVDRLITAHGQHSVVVPHVAPGDYLFRAEIIALHEADSLYSQNPIRGAQFYISCAQITINSSDDSTPLPAGVPFPGAYTDSTPGIQFNIYTTPATSYVAPPPSVWSGALGGSIAQVGDASLE
P0A9R4,reviewed,FER_ECOLI,2Fe-2S ferredoxin,fdx b2525 JW2509,Escherichia coli (strain K12),111,MPKIVILPHQDLCPDGAVLEANSGETILDAALRNGIEIEHACEKSCACTTCHCIVREGFDSLPESSEQEDDMLDKAWGLEPESRLSCQARVTDEDLVVEIPRYTINHAREH
O32472,reviewed,PHAJ_AERCA,(R)-specific enoyl-CoA hydratase (EC 4.2.1.119),phaJ,Aeromonas caviae (Aeromonas punctata),134,MSAQSLEVGQKARLSKRFGAAEVAAFAALSEDFNPLHLDPAFAATTAFERPIVHGMLLASLFSGLLGQQLPGKGSIYLGQSLSFKLPVFVGDEVTAEVEVTALREDKPIATLTTRIFTQGGALAVTGEAVVKLP
O31156,reviewed,PHNX_BACCE,Phosphonoacetaldehyde hydrolase (Phosphonatase) (EC 3.11.1.1) (Phosphonoacetaldehyde phosphonohydrolase),phnX,Bacillus cereus,264,MKIEAVIFDWAGTTVDYGCFAPLEVFMEIFHKRGVAITAEEARKPMGLLKIDHVRALTEMPRIASEWNRVFRQLPTEADIQEMYEEFEEILFAILPRYASPINGVKEVIASLRERGIKIGSTTGYTREMMDIVAKEAALQGYKPDFLVTPDDVPAGRPYPWMCYKNAMELGVYPMNHMIKVGDTVSDMKEGRNAGMWTVGVILGSSELGLTEEEVENMDSVELREKIEVVRNRFVENGAHFTIETMQELESVMEHIEKQELIIS
E1BSW7,reviewed,CENPS_CHICK,Centromere protein S (CENP-S),CENPS APITD1,Gallus gallus (Chicken),139,MEAAGGEQRELLIQRLRAAVHYTTGCLCQDVAEDKGVLFSKQTVAAISEITFRQCENFARDLEMFARHAKRSTITSEDVKLLARRSNSLLKYITQKSDELASSNMEQKEKKKKKSSAAKGRKTEENETPVTESEDSNMA
P0A6M2,reviewed,DSBB_ECOLI,Disulfide bond formation protein B (Disulfide oxidoreductase),dsbB roxB ycgA b1185 JW5182,Escherichia coli (strain K12),176,MLRFLNQCSQGRGAWLLMAFTALALELTALWFQHVMLLKPCVLCIYERCALFGVLGAALIGAIAPKTPLRYVAMVIWLYSAFRGVQLTYEHTMLQLYPSPFATCDFMVRFPEWLPLDKWVPQVFVASGDCAERQWDFLGLEMPQWLLGIFIAYLIVAVLVVISQPFKAKKRDLFGR
A2AIP0,reviewed,CMI2B_MOUSE,Ciliary microtubule inner protein 2B,Cimip2b Fam166b,Mus musculus (Mouse),273,MAVVNTSIPGLSGENPHYIPGYTGHCPLLRFSMGQTYGQVTGQLLRGPPGLAWPPAHRTLLPPIQSPRSPVISKGRLPPRRGHERLSSSIIPGYTGFIPRAQFIFAKNCNQVWAEAMSEFTRRHGEQESHQLPDGAKGEREVEEDQLREAEEPPLKQELAHASPYSMDDTDPHKFFMSGFTGYVPRARFLFGSSFPVLTNQALQEFGQMCSRGRAHKDPKPLSPLPRPTFQNLGLLPHYGGYVPGYKFQFGGTFGHLTHDALGLSITQKQLPA
P34087,reviewed,RPB7_YEAST,DNA-directed RNA polymerase II subunit RPB7 (RNA polymerase II subunit B7) (B16),RPB7 YDR404C D9509.22,Saccharomyces cerevisiae (strain ATCC 204508 / S288c) (Baker's yeast),171,MFFIKDLSLNITLHPSFFGPRMKQYLKTKLLEEVEGSCTGKFGYILCVLDYDNIDIQRGRILPTDGSAEFNVKYRAVVFKPFKGEVVDGTVVSCSQHGFEVQVGPMKVFVTKHLMPQDLTFNAGSNPPSYQSSEDVITIKSRIRVKIEGCISQVSSIHAIGSIKEDYLGAI
O52063,reviewed,ATZC_PSESD,N-isopropylammelide isopropyl amidohydrolase (EC 3.5.4.42),atzC,Pseudomonas sp. (strain ADP),403,MSKDFDLIIRNAYLSEKDSVYDIGIVGDRIIKIEAKIEGTVKDEIDAKGNLVSPGFVDAHTHMDKSFTSTGERLPKFWSRPYTRDAAIEDGLKYYKNATHEEIKRHVIEHAHMQVLHGTLYTRTHVDVDSVAKTKAVEAVLEAKEELKDLIDIQVVAFAQSGFFVDLESESLIRKSLDMGCDLVGGVDPATRENNVEGSLDLCFKLAKEYDVDIDYHIHDIGTVGVYSINRLAQKTIENGYKGRVTTSHAWCFADAPSEWLDEAIPLYKDSGMKFVTCFSSTPPTMPVIKLLEAGINLGCASDNIRDFWVPFGNGDMVQGALIETQRLELKTNRDLGLIWKMITSEGARVLGIEKNYGIEVGKKADLVVLNSLSPQWAIIDQAKRLCVIKNGRIIVKDEVIVA
O67496,reviewed,ISPG_AQUAE,4-hydroxy-3-methylbut-2-en-1-yl diphosphate synthase (flavodoxin) (EC 1.17.7.3) (1-hydroxy-2-methyl-2-(E)-butenyl 4-diphosphate synthase),ispG gcpE aq_1540,Aquifex aeolicus (strain VF5),357,MIQKRKTRQIRVGNVKIGGDAPIVVQSMTSTKTHDVEATLNQIKRLYEAGCEIVRVAVPHKEDVEALEEIVKKSPMPVIADIHFAPSYAFLSMEKGVHGIRINPGNIGKEEIVREIVEEAKRRGVAVRIGVNSGSLEKDLLEKYGYPSAEALAESALRWSEKFEKWGFTNYKVSIKGSDVLQNVRANLIFAERTDVPLHIGITEAGMGTKGIIKSSVGIGILLYMGIGDTVRVSLTDDPVVEVETAYEILKSLGLRRRGVEIVACPTCGRIEVDLPKVVKEVQEKLSGVKTPLKVAVMGCVVNAIGEAREADIGLACGRGFAWLFKHGKPIKKVDESEMVDELLKEIQNMEKDGGTN
B3VI55,reviewed,LGK_LIPST,Levoglucosan kinase (LGK) (EC 2.7.1.232),,Lipomyces starkeyi (Oleaginous yeast),439,MPIATSTGDNVLDFTVLGLNSGTSMDGIDCALCHFYQKTPDAPMEFELLEYGEVPLAQPIKQRVMRMILEDTTSPSELSEVNVILGEHFADAVRQFAAERNVDLSTIDAIASHGQTIWLLSMPEEGQVKSALTMAEGAILASRTGITSITDFRISDQAAGRQGAPLIAFFDALLLHHPTKLRACQNIGGIANVCFIPPDVDGRRTDEYYDFDTGPGNVFIDAVVRHFTNGEQEYDKDGAMGKRGKVDQELVDDFLKMPYFQLDPPKTTGREVFRDTLAHDLIRRAEAKGLSPDDIVATTTRITAQAIVDHYRRYAPSQEIDEIFMCGGGAYNPNIVEFIQQSYPNTKIMMLDEAGVPAGAKEAITFAWQGMEALVGRSIPVPTRVETRQHYVLGKVSPGLNYRSVMKKGMAFGGDAQQLPWVSEMIVKKKGKVITNNWA
P0DM15,reviewed,CO6A_CONMF,MuO-conotoxin MfVIA,,Conus magnificus (Magnificent cone) (Darioconus magnificus),32,RDCQEKWEYCIVPILGFVYCCPGLICGPFVCV
I6XFS7,reviewed,RDMTR_MYCTU,RNA/DNA methyltransferase Rv2966c (16S rRNA m2G966 methyltransferase) (5-methylcytosine-specific DNA methyltransferase) (EC 2.1.1.-) (Ribosomal RNA small subunit methyltransferase D) (EC 2.1.1.171) (RsmD-like methyltransferase),Rv2966c,Mycobacterium tuberculosis (strain ATCC 25618 / H37Rv),188,MTRIIGGVAGGRRIAVPPRGTRPTTDRVRESLFNIVTARRDLTGLAVLDLYAGSGALGLEALSRGAASVLFVESDQRSAAVIARNIEALGLSGATLRRGAVAAVVAAGTTSPVDLVLADPPYNVDSADVDAILAALGTNGWTREGTVAVVERATTCAPLTWPEGWRRWPQRVYGDTRLELAERLFANV
P00854,reviewed,ATP6_YEAST,ATP synthase subunit a (F-ATPase protein 6),ATP6 OLI2 OLI4 PHO1 Q0085,Saccharomyces cerevisiae (strain ATCC 204508 / S288c) (Baker's yeast),259,MFNLLNTYITSPLDQFEIRTLFGLQSSFIDLSCLNLTTFSLYTIIVLLVITSLYTLTNNNNKIIGSRWLISQEAIYDTIMNMTKGQIGGKNWGLYFPMIFTLFMFIFIANLISMIPYSFALSAHLVFIISLSIVIWLGNTILGLYKHGWVFFSLFVPAGTPLPLVPLLVIIETLSYFARAISLGLRLGSNILAGHLLMVILAGLTFNFMLINLFTLVFGFVPLAMILAIMMLEFAIGIIQGYVWAILTASYLKDAVYLH
E8WYN5,reviewed,MDL_GRATM,(R)-mandelonitrile lyase (EC 4.1.2.10) (Hydroxynitrile lyase) (GtHNL),AciX9_0562,Granulicella tundricola (strain ATCC BAA-1859 / DSM 23138 / MP5ACTX9),131,MEIKRVGSQASGKGPADWFTGTVRIDPLFQAPDPALVAGASVTFEPGARTAWHTHPLGQTLIVTAGCGWAQREGGAVEEIHPGDVVWFSPGEKHWHGAAPTTAMTHLAIQERLDGKAVDWMEHVTDEQYRR
A0A2U9GGW3,reviewed,THS2_PAPSO,Thebaine synthase 2 (EC 4.2.99.24),THS2,Papaver somniferum (Opium poppy),160,MAPLGVSGLVGKLSTELEVDCDAEKYYNMYKHGEDVKKAVPHLCVDVKIISGDPTSSGCIKEWNVNIDGKTIRSVEETTHDDETKTLRHRVFEGDVMKDFKKFDTIMVVNPKPDGNGCVVTRSIEYEKTNENSPTPFDYLQFGHQAIEDMNKYLRDSESN
G7IYC1,reviewed,CAD2_MEDTR,Cinnamoyl-CoA reductase CAD2 (EC 1.2.1.44) (Cinnamyl alcohol dehydrogenase 2) (Mt-CAD2) (Coumaroyl-CoA reductase) (Feruloyl-CoA reductase) (Sinapoyl-CoA reductase),CAD2 MTR_3g005170 MtrunA17_Chr3g0077221,Medicago truncatula (Barrel medic) (Medicago tribuloides),326,MSSSNLGNVVCVTGASGYIASWLVRLLLHRGYTVKATVRDPNDPKKVDHLVKLDGAKERLQLFKANLLEEGAFDSVVQGCHGVFHTASPFYHDVKDPQAELIDPALKGTLNVLNSCAKSPSLKRVVLTSSIAAVAYNGKPRTPDVVVDETWFTDADFCAKSNLWYVVSKTLAEEAAWKFVKENNIDMVTINPAMVIGPLLQPVLNTSAAAILNLINGAQTFPNASFGWVNVKDVANAHILAYENASASGRHCLVERVAHYSEVVRILRELYPSLQLPEKCADDKPYVPIYQVSKEKAKSLGLEYTPLEVSIKETVESLKEKKFANL
O31602,reviewed,SPX_BACSU,Global transcriptional regulator Spx (Redox-responsive transcription factor Spx) (Suppressor of clpP and clpX) (Spx),spx spxA yjbD BSU11500,Bacillus subtilis (strain 168),131,MVTLYTSPSCTSCRKARAWLEEHEIPFVERNIFSEPLSIDEIKQILRMTEDGTDEIISTRSKVFQKLNVNVESMPLQDLYRLINEHPGLLRRPIIIDEKRLQVGYNEDEIRRFLPRKVRSFQLREAQRLAN
G3XA59,reviewed,LRC32_MOUSE,Transforming growth factor beta activator LRRC32 (Garpin) (Glycoprotein A repetitions predominant) (GARP) (Leucine-rich repeat-containing protein 32),Lrrc32,Mus musculus (Mouse),663,MSHQILLLLAMLTLGLAISQRREQVPCRTVNKEALCHGLGLLQVPSVLSLDIQALYLSGNQLQSILVSPLGFYTALRHLDLSDNQISFLQAGVFQALPYLEHLNLAHNRLATGMALNSGGLGRLPLLVSLDLSGNSLHGNLVERLLGETPRLRTLSLAENSLTRLARHTFWGMPAVEQLDLHSNVLMDIEDGAFEALPHLTHLNLSRNSLTCISDFSLQQLQVLDLSCNSIEAFQTAPEPQAQFQLAWLDLRENKLLHFPDLAVFPRLIYLNVSNNLIQLPAGLPRGSEDLHAPSEGWSASPLSNPSRNASTHPLSQLLNLDLSYNEIELVPASFLEHLTSLRFLNLSRNCLRSFEARQVDSLPCLVLLDLSHNVLEALELGTKVLGSLQTLLLQDNALQELPPYTFASLASLQRLNLQGNQVSPCGGPAEPGPPGCVDFSGIPTLHVLNMAGNSMGMLRAGSFLHTPLTELDLSTNPGLDVATGALVGLEASLEVLELQGNGLTVLRVDLPCFLRLKRLNLAENQLSHLPAWTRAVSLEVLDLRNNSFSLLPGNAMGGLETSLRRLYLQGNPLSCCGNGWLAAQLHQGRVDVDATQDLICRFGSQEELSLSLVRPEDCEKGGLKNVNLILLLSFTLVSAIVLTTLATICFLRRQKLSQQYKA
A0A9J9HGY6,reviewed,HPAAL_RHIWR,Hydroxypyruvate/pyruvate aldolase (HPA/PA aldolase) (EC 4.1.2.-) (Hydroxy ketoacid aldolase) (SwHKA),Swit_5035,Rhizorhabdus wittichii (strain DSM 6014 / CCUG 31198 / JCM 15750 / NBRC 105917 / EY 4224 / RW1) (Sphingomonas wittichii),251,MNKVRTCWNEGRPALAGWLQLPGTLHAEALARLDYDAVVIDMQHSPIDFGQVAPMLIAIELGGAEPFVRTQVNDPSDIMKLLDAGAYGIIAPMVNTRAEAQTLASALHYSPRGLRSFGPRRPSLRYGSGYLAQASETVVGLAMIETREALANIDEILSVDGIDGVFIGPTDLALDLGHAPLVDTEEAEVVSAIAHVRERAHAAGKRVGIFCGSGGFARVKLAEGFDFVTAAPDLAMLSAAARQVIADARAL
I3VE77,reviewed,HCMA_AQUTE,2-hydroxyisobutanoyl-CoA mutase large subunit (EC 5.4.99.64) (2-hydroxyisobutyryl-CoA mutase large subunit) (HCM large subunit),hcmA,Aquincola tertiaricarbonis,562,MTWLEPQIKSQLQSERKDWEANEVGAFLKKAPERKEQFHTIGDFPVQRTYTAADIADTPLEDIGLPGRYPFTRGPYPTMYRSRTWTMRQIAGFGTGEDTNKRFKYLIAQGQTGISTDFDMPTLMGYDSDHPMSDGEVGREGVAIDTLADMEALLADIDLEKISVSFTINPSAWILLAMYVALGEKRGYDLNKLSGTVQADILKEYMAQKEYIYPIAPSVRIVRDIITYSAKNLKRYNPINISGYHISEAGSSPLQEAAFTLANLITYVNEVTKTGMHVDEFAPRLAFFFVSQGDFFEEVAKFRALRRCYAKIMKERFGARNPESMRLRFHCQTAAATLTKPQYMVNVVRTSLQALSAVLGGAQSLHTNGYDEAFAIPTEDAMKMALRTQQIIAEESGVADVIDPLGGSYYVEALTTEYEKKIFEILEEVEKRGGTIKLIEQGWFQKQIADFAYETALRKQSGQKPVIGVNRFVENEEDVKIEIHPYDNTTAERQISRTRRVRAERDEAKVQAMLDQLVAVAKDESQNLMPLTIELVKAGATMGDIVEKLKGIWGTYRETPVF
P06971,reviewed,FHUA_ECOLI,Ferrichrome outer membrane transporter/phage receptor (Ferric hydroxamate receptor) (Ferric hydroxamate uptake) (Ferrichrome-iron receptor),fhuA tonA b0150 JW0146,Escherichia coli (strain K12),747,MARSKTAQPKHSLRKIAVVVATAVSGMSVYAQAAVEPKEDTITVTAAPAPQESAWGPAATIAARQSATGTKTDTPIQKVPQSISVVTAEEMALHQPKSVKEALSYTPGVSVGTRGASNTYDHLIIRGFAAEGQSQNNYLNGLKLQGNFYNDAVIDPYMLERAEIMRGPVSVLYGKSSPGGLLNMVSKRPTTEPLKEVQFKAGTDSLFQTGFDFSDSLDDDGVYSYRLTGLARSANAQQKGSEEQRYAIAPAFTWRPDDKTNFTFLSYFQNEPETGYYGWLPKEGTVEPLPNGKRLPTDFNEGAKNNTYSRNEKMVGYSFDHEFNDTFTVRQNLRFAENKTSQNSVYGYGVCSDPANAYSKQCAALAPADKGHYLARKYVVDDEKLQNFSVDTQLQSKFATGDIDHTLLTGVDFMRMRNDINAWFGYDDSVPLLNLYNPVNTDFDFNAKDPANSGPYRILNKQKQTGVYVQDQAQWDKVLVTLGGRYDWADQESLNRVAGTTDKRDDKQFTWRGGVNYLFDNGVTPYFSYSESFEPSSQVGKDGNIFAPSKGKQYEVGVKYVPEDRPIVVTGAVYNLTKTNNLMADPEGSFFSVEGGEIRARGVEIEAKAALSASVNVVGSYTYTDAEYTTDTTYKGNTPAQVPKHMASLWADYTFFDGPLSGLTLGTGGRYTGSSYGDPANSFKVGSYTVVDALVRYDLARVGMAGSNVALHVNNLFDREYVASCFNTYGCFWGAERQVVATATFRF
O87953,reviewed,KTRB_VIBAL,Ktr system potassium uptake protein B (K(+)-uptake protein KtrB),ktrB,Vibrio alginolyticus,455,MTQFHQRGVFYVPDGKRDKAKGGEPRIILLSFLGVLLPSAVLLTLPVFSVSGLSITDALFTATSAISVTGLGVVDTGQHFTLAGKILLMCLMQIGGLGQMTLSAVLLYMFGVRLSLRQQALAKEALGQERQVNLRRLVKKIVTFALVAEAIGFVFLSYRWVPEMGWQTGMFYALFHSISAFNNAGFALFSDSMMSFVNDPLVSFTLAGLFIFGGLGFTVIGDVWRHWRKGFHFLHIHTKIMLIATPLLLLVGTVLFWLLERHNPNTMGSLTTGGQWLAAFFQSASARTAGFNSVDLTQFTQPALLIMIVLMLIGAGSTSTGGGIKVSTFAVAFMATWTFLRQKKHVVMFKRTVNWPTVTKSLAIIVVSGAILTTAMFLLMLTEKASFDKVMFETISAFATVGLTAGLTAELSEPGKYIMIVVMIIGRIGPLTLAYMLARPEPTLIKYPEDTVLTG
P04993,reviewed,RECD_ECOLI,RecBCD enzyme subunit RecD (EC 5.6.2.3) (DNA 5'-3' helicase subunit RecB) (Exodeoxyribonuclease V 67 kDa polypeptide) (Exodeoxyribonuclease V alpha chain) (Exonuclease V subunit RecD) (ExoV subunit RecD) (Helicase/nuclease RecBCD subunit RecD),recD hopE b2819 JW2787,Escherichia coli (strain K12),608,MKLQKQLLEAVEHKQLRPLDVQFALTVAGDEHPAVTLAAALLSHDAGEGHVCLPLSRLENNEASHPLLATCVSEIGELQNWEECLLASQAVSRGDEPTPMILCGDRLYLNRMWCNERTVARFFNEVNHAIEVDEALLAQTLDKLFPVSDEINWQKVAAAVALTRRISVISGGPGTGKTTTVAKLLAALIQMADGERCRIRLAAPTGKAAARLTESLGKALRQLPLTDEQKKRIPEDASTLHRLLGAQPGSQRLRHHAGNPLHLDVLVVDEASMIDLPMMSRLIDALPDHARVIFLGDRDQLASVEAGAVLGDICAYANAGFTAERARQLSRLTGTHVPAGTGTEAASLRDSLCLLQKSYRFGSDSGIGQLAAAINRGDKTAVKTVFQQDFTDIEKRLLQSGEDYIAMLEEALAGYGRYLDLLQARAEPDLIIQAFNEYQLLCALREGPFGVAGLNERIEQFMQQKRKIHRHPHSRWYEGRPVMIARNDSALGLFNGDIGIALDRGQGTRVWFAMPDGNIKSVQPSRLPEHETTWAMTVHKSQGSEFDHAALILPSQRTPVVTRELVYTAVTRARRRLSLYADERILSAAIATRTERRSGLAALFSSRE
P0AA99,reviewed,DPAA_ECOLI,"Peptidoglycan meso-diaminopimelic acid protein amidase A (EC 3.4.-.-) (Carboxypeptidase) (Murein L,D-endopeptidase) (Transpeptidase-like protein DpaA)",dpaA ldtF yafK b0224 JW0214,Escherichia coli (strain K12),246,MRKIALILAMLLIPCVSFAGLLGSSSSTTPVSKEYKQQLMGSPVYIQIFKEERTLDLYVKMGEQYQLLDSYKICKYSGGLGPKQRQGDFKSPEGFYSVQRNQLKPDSRYYKAINIGFPNAYDRAHGYEGKYLMIHGDCVSIGCYAMTNQGIDEIFQFVTGALVFGQPSVQVSIYPFRMTDANMKRHKYSNFKDFWEQLKPGYDYFEQTRKPPTVSVVNGRYVVSKPLSHEVVQPQLASNYTLPEAK
A0A172U6X0,reviewed,LR3E_METSD,L-ribulose 3-epimerase (LRE) (EC 5.1.3.31) (MetLRE),AYM39_05640,Methylomonas sp. (strain DH-1),286,MAFPKRLEYGGHALVWSGDWSAAGARKAIAGAARAGYDYIEIALLDPWQIDVALTKDLLQEYNLRAHASLGLSAATDVTSTDPAIVAKGDELLRKATDVLYALGGSELCGVIYCALGKYPGPASRENRANSVAAMQRLADYAADKGINIDLEVVNRYETNIMNTGLEGLAFLDEVNRPNAFLHLDTYHMNIEENGMAKSVLAAGDRLGYVHIGESHRGYLGTGNVDFASFFAALKQIDYRGPITFESFSSEIVDPKLSNTLCVWRNLWHDSDDLAGKALEFIKQRY
H1AE14,reviewed,LP9D_PHACH,"AA9 family lytic polysaccharide monooxygenase D (LPMO9D) (EC 1.14.99.56) (Cellulase LPMO9D) (Endo-beta-1,4-glucanase LPMO9D) (Endoglucanase LPMO9D) (Glycosyl hydrolase 61 family protein D)",LPMO9D gh61D,Phanerodontia chrysosporium (White-rot fungus) (Sporotrichum pruinosum),235,MKAFFAVLAVVSAPFVLGHYTFPDFIEPSGTVTGDWVYVRETQNHYSNGPVTDVTSPEFRCYELDLQNTAGQTQTATVSAGDTVGFKANSAIYHPGYLDVMMSPASPAANSPEAGTGQTWFKIYEEKPQFENGQLVFDTTQQEVTFTIPKSLPSGQYLLRIEQIALHVASSYGGAQFYIGCAQLNVENGGNGTPGPLVSIPGVYTGYEPGILINIYNLPKNFTGYPAPGPAVWQG
O32142,reviewed,HIUH_BACSU,5-hydroxyisourate hydrolase (HIU hydrolase) (HIUHase) (EC 3.5.2.17) (Transthyretin-related protein) (TRP),pucM yunM BSU32460,Bacillus subtilis (strain 168),114,MGKLTTHILDLTCGKPAANVKIGLKRLGESIMKEVYTNNDGRVDVPLLAGEELMSGEYVMEFHAGDYFASKNMNAADQPFLTIVTVRFQLADPDAHYHIPLLLSPFGYQVYRGS
A0R6E0,reviewed,TRES_MYCS2,Trehalose synthase/amylase TreS (EC 3.2.1.1) (EC 5.4.99.16) (Maltose alpha-D-glucosyltransferase) (MTase),treS MSMEG_6515 MSMEI_6343,Mycolicibacterium smegmatis (strain ATCC 700084 / mc(2)155) (Mycobacterium smegmatis),593,MEEHTQGSHVEAGIVEHPNAEDFGHARTLPTDTNWFKHAVFYEVLVRAFYDSNADGIGDLRGLTEKLDYIKWLGVDCLWLPPFYDSPLRDGGYDIRDFYKVLPEFGTVDDFVTLLDAAHRRGIRIITDLVMNHTSDQHEWFQESRHNPDGPYGDFYVWSDTSDRYPDARIIFVDTEESNWTFDPVRRQFYWHRFFSHQPDLNYDNPAVQEAMLDVLRFWLDLGIDGFRLDAVPYLFEREGTNCENLPETHAFLKRCRKAIDDEYPGRVLLAEANQWPADVVAYFGDPDTGGDECHMAFHFPLMPRIFMAVRRESRFPISEILAQTPPIPDTAQWGIFLRNHDELTLEMVTDEERDYMYAEYAKDPRMKANVGIRRRLAPLLENDRNQIELFTALLLSLPGSPVLYYGDEIGMGDIIWLGDRDSVRTPMQWTPDRNAGFSKATPGRLYLPPNQDAVYGYHSVNVEAQLDSSSSLLNWTRNMLAVRSRHDAFAVGTFRELGGSNPSVLAYIREVTRQQGDGGAKTDAVLCVNNLSRFPQPIELNLQQWAGYIPVEMTGYVEFPSIGQLPYLLTLPGHGFYWFQLREPDPEPGAQQ
C0VHC9,reviewed,CAP4_ACIS2,CD-NTase-associated protein 4 (Cap4) (EC 3.1.-.-) (Endodeoxyribonuclease Cap4),cap4 HMPREF0023_0548,Acinetobacter sp. (strain ATCC 27244 / 9458),462,MSASLLEKQSTGGAIARVGFGYQDAFVLRSLPLWLSQSAFSHIVSEALSDIEVCYFSSEKSLHVMYEAKNHSLTATEFWDEIRRFKSLFDTHPKNFIWFNLVCPSYNTAISPLISKIDRLRGVGSSYDDDSSVSVNGRSEYLDWCVGKKIDFSLAEFALDYVGFITFNSENSESIFLSEIQDTINIELLRSQVKQLKDQFKNLISRSSFGPIYRKDFENFICHALEEDRSQWLLDPIKINLSASSSQYQDLNLDISDFNGPDRAQKTSSDWNSLIKKAVSIGDFIHNSGDRRTLLIDGKQRMSTACMLGYVFSATRNFLLEIEHNGLIYRTDDHKQKEGQFFTKIEAVEPQGETEAIVAIGFPTAIGKDIDSTINEVKSLPRLNLESSHAIDNMETLNLAVREAKSALVSFKSENKLSKLHLFIKAPSVFAMVLGHRLNGICDIQLYDWVDGQYIPTAELNL
P01525,reviewed,NXB4_CERLA,Neurotoxin B-IV,,Cerebratulus lacteus (Milky ribbon worm) (Micrura lactea),55,ASATWGAAYPACENNCRKKYDLCIRCQGKWAGKRGKCAAHCIIQKNNCKGKCKKE
I6WU39,reviewed,OLIAC_CANSA,Olivetolic acid cyclase (EC 4.4.1.26),OAC,Cannabis sativa (Hemp) (Marijuana),101,MAVKHLIVLKFKDEITEAQKEEFFKTYVNLVNIIPAMKDVYWGKDVTQKNKEEGYTHIVEVTFESVETIQDYIIHPAHVGFGDVYRSFWEKLLIFDYTPRK
O25119,reviewed,FLIG_HELPY,Flagellar motor switch protein FliG (Flagellar motor switch protein G),fliG C694_01785 HP_0352,Helicobacter pylori (strain ATCC 700392 / 26695) (Campylobacter pylori),343,MATKLTPKQKAQLDELSMSEKIAILLIQVGEDTTGEILRHLDIDSITEISKQIVQLNGTDKQIGAAVLEEFFAIFQSNQYINTGGLEYARELLTRTLGSEEAKKVMDKLTKSLQTQKNFAYLGKIKPQQLADFIINEHPQTIALILAHMEAPNAAETLSYFPDEMKAEISIRMANLGEISPQVVKRVSTVLENKLESLTSYKIEVGGLRAVAEIFNRLGQKSAKTTLARIESVDNKLAGAIKEMMFTFEDIVKLDNFAIREILKVADKKDLSLALKTSTKDLTDKFLNNMSSRAAEQFVEEMQYLGAVKIKDVDVAQRKIIEIVQSLQEKGVIQTGEEEDVIE
P25051,reviewed,VANA_ENTFC,Vancomycin/teicoplanin A-type resistance protein VanA (EC 6.1.2.1) (D-alanine--D-lactate ligase) (VanA ligase),vanA,Enterococcus faecium (Streptococcus faecium),343,MNRIKVAILFGGCSEEHDVSVKSAIEIAANINKEKYEPLYIGITKSGVWKMCEKPCAEWENDNCYSAVLSPDKKMHGLLVKKNHEYEINHVDVAFSALHGKSGEDGSIQGLFELSGIPFVGCDIQSSAICMDKSLTYIVAKNAGIATPAFWVINKDDRPVAATFTYPVFVKPARSGSSFGVKKVNSADELDYAIESARQYDSKILIEQAVSGCEVGCAVLGNSAALVVGEVDQIRLQYGIFRIHQEVEPEKGSENAVITVPADLSAEERGRIQETAKKIYKALGCRGLARVDMFLQDNGRIVLNEVNTLPGFTSYSRYPRMMAAAGIALPELIDRLIVLALKG
P02693,reviewed,FABPI_RAT,"Fatty acid-binding protein, intestinal (Fatty acid-binding protein 2) (Intestinal-type fatty acid-binding protein) (I-FABP)",Fabp2 Fabpi,Rattus norvegicus (Rat),132,MAFDGTWKVDRNENYEKFMEKMGINVVKRKLGAHDNLKLTITQEGNKFTVKESSNFRNIDVVFELGVDFAYSLADGTELTGTWTMEGNKLVGKFKRVDNGKELIAVREISGNELIQTYTYEGVEAKRIFKKE
Q680Q4,reviewed,SIZ1_ARATH,E3 SUMO-protein ligase SIZ1 (EC 2.3.2.-) (E3 SUMO-protein transferase SIZ1),SIZ1 At5g60410 MUF9.5 MUF9.70,Arabidopsis thaliana (Mouse-ear cress),884,MDLEANCKEKLSYFRIKELKDVLTQLGLSKQGKKQELVDRILTLLSDEQAARLLSKKNTVAKEAVAKLVDDTYRKMQVSGASDLASKGQVSSDTSNLKVKGEPEDPFQPEIKVRCVCGNSLETDSMIQCEDPRCHVWQHVGCVILPDKPMDGNPPLPESFYCEICRLTRADPFWVTVAHPLSPVRLTATTIPNDGASTMQSVERTFQITRADKDLLAKPEYDVQAWCMLLNDKVLFRMQWPQYADLQVNGVPVRAINRPGGQLLGVNGRDDGPIITSCIRDGVNRISLSGGDVRIFCFGVRLVKRRTLQQVLNLIPEEGKGETFEDALARVRRCIGGGGGDDNADSDSDIEVVADFFGVNLRCPMSGSRIKVAGRFLPCVHMGCFDLDVFVELNQRSRKWQCPICLKNYSVEHVIVDPYFNRITSKMKHCDEEVTEIEVKPDGSWRVKFKRESERRELGELSQWHAPDGSLCPSAVDIKRKMEMLPVKQEGYSDGPAPLKLGIRKNRNGIWEVSKPNTNGLSSSNRQEKVGYQEKNIIPMSSSATGSGRDGDDASVNQDAIGTFDFVANGMELDSISMNVDSGYNFPDRNQSGEGGNNEVIVLSDSDDENDLVITPGPAYSGCQTDGGLTFPLNPPGIINSYNEDPHSIAGGSSGLGLFNDDDEFDTPLWSFPSETPEAPGFQLFRSDADVSGGLVGLHHHSPLNCSPEINGGYTMAPETSMASVPVVPGSTGRSEANDGLVDNPLAFGRDDPSLQIFLPTKPDASAQSGFKNQADMSNGLRSEDWISLRLGDSASGNHGDPATTNGINSSHQMSTREGSMDTTTETASLLLGMNDSRQDKAKKQRSDNPFSFPRQKRSNNEQDHQTRHRSLNKICIILCAGKN
P00435,reviewed,GPX1_BOVIN,Glutathione peroxidase 1 (GPx-1) (GSHPx-1) (EC 1.11.1.9) (Cellular glutathione peroxidase) (Phospholipid-hydroperoxide glutathione peroxidase GPX1) (EC 1.11.1.12),GPX1,Bos taurus (Bovine),205,MCAAQRSAAALAAAAPRTVYAFSARPLAGGEPFNLSSLRGKVLLIENVASLUGTTVRDYTQMNDLQRRLGPRGLVVLGFPCNQFGHQENAKNEEILNCLKYVRPGGGFEPNFMLFEKCEVNGEKAHPLFAFLREVLPTPSDDATALMTDPKFITWSPVCRNDVSWNFEKFLVGPDGVPVRRYSRRFLTIDIEPDIETLLSQGASA
C4M4T9,reviewed,DPNP_ENTH1,"3',5'-bisphosphate nucleotidase (EC 3.1.3.7) (3'-phosphoadenosine 5'-phosphatase-1) (PAP phosphatase-1) (Inositol-1,4-bisphosphate 1-phosphatase) (EC 3.1.3.57)",EHI_193350,Entamoeba histolytica (strain ATCC 30459 / HM-1:IMSS / ABRM),317,MSFDKELALALEIVQVSCKITTSVAEHTLTDQTQIKNDKSPVTVGDYSVQAYVNKKIHETFPEDQIVAEEDTKTIPEDIFAKVCKHVQIYSDMKDDEIRKSIDLGNSTGGKGRHWVLDPIDGTLGFLRREQYAVCLAFMIDGDIKVGVLGCPNFEGGLIVAAQKGCGAKMFSVNDIKNGKDIHVSTTPKTSDMCFCESVEVSHTDQSRSKTITERLQVTKPPVRMDSQCKYMAIASGRADVYLRLPRNLSYQEKIWDHAAGYLIVKEAGGKVTDIYGNDLDFSLGRTLCNNHGIVASNGILHEETVNVVKDVLSDLK
P02240,reviewed,LGB2_LUPLU,Leghemoglobin-2 (LlLb2) (Leghemoglobin II),Lb2,Lupinus luteus (European yellow lupine),154,MGALTESQAALVKSSWEEFNANIPKHTHRFFILVLEIAPAAKDLFSFLKGTSEVPQNNPELQAHAGKVFKLVYEAAIQLQVTGVVVTDATLKNLGSVHVSKGVADAHFPVVKEAILKTIKEVVGAKWSEELNSAWTIAYDELAIVIKKEMNDAA
P0AGB3,reviewed,RPOH_ECOLI,RNA polymerase sigma factor RpoH (Heat shock regulatory protein F33.4) (RNA polymerase sigma-32 factor),rpoH fam hin htpR b3461 JW3426,Escherichia coli (strain K12),284,MTDKMQSLALAPVGNLDSYIRAANAWPMLSADEERALAEKLHYHGDLEAAKTLILSHLRFVVHIARNYAGYGLPQADLIQEGNIGLMKAVRRFNPEVGVRLVSFAVHWIKAEIHEYVLRNWRIVKVATTKAQRKLFFNLRKTKQRLGWFNQDEVEMVARELGVTSKDVREMESRMAAQDMTFDLSSDDDSDSQPMAPVLYLQDKSSNFADGIEDDNWEEQAANRLTDAMQGLDERSQDIIRARWLDEDNKSTLQELADRYGVSAERVRQLEKNAMKKLRAAIEA
A5W059,reviewed,HMGA_PSEP1,4-hydroxy-4-methyl-2-oxoglutarate aldolase/4-carboxy-4-hydroxy-2-oxoadipate aldolase (HMG/CHA aldolase) (EC 4.1.3.17) (Oxaloacetate decarboxylase) (OAA decarboxylase) (EC 4.1.1.112),Pput_1361,Pseudomonas putida (strain ATCC 700007 / DSM 6899 / JCM 31910 / BCRC 17059 / LMG 24140 / F1),238,MNTLIGKTGIVVRNIQRAELDSIDALGRLGVATVHEAQNRKGLLSSKMRPIQQGTSLAGSAVTVLVAPGDNWMFHVAVEQCRPGDVLVVSPSSPCTDGYFGDLLATSLQARGVRALIVDAGVRDTQTLRDMGFAVWARAINAQGTVKETLGSVNLPVICGGQLINPGDIVVADDDGVVVVRRDECESTLVAAAERAGLEEEKRLRLAAGELGLDIYKMRERLEAKGLRYVDNIEDLEG
P30617,reviewed,LEC_GALNI,Mannose-specific lectin (Agglutinin) (LecGNA 2) (Snowdrop lectin),,Galanthus nivalis (Common snowdrop),157,MAKASLLILAAIFLGVITPSCLSDNILYSGETLSTGEFLNYGSFVFIMQEDCNLVLYDVDKPIWATNTGGLSRSCFLSMQTDGNLVVYNPSNKPIWASNTGGQNGNYVCILQKDRNVVIYGTDRWATGTHTGLVGIPASPPSEKYPTAGKIKLVTAK
F9XHX3,reviewed,LYSM1_ZYMTI,Secreted LysM effector Mg1LysM (LysM domain-containing protein Mg1LysM) (One LysM domain-containing protein),Mg1LysM MYCGRDRAFT_105487,Zymoseptoria tritici (strain CBS 115943 / IPO323) (Speckled leaf blotch fungus) (Septoria tritici),97,MQFTALVAALLSVAAVQAQRNPITITPQFDCGATNSQQYVARSGDTLTKIAQEIYHDVVGVCDIARANNLADPNRIDAGTPYTIPINCQTYDRNSCL
P0A884,reviewed,TYSY_ECOLI,Thymidylate synthase (TS) (TSase) (EC 2.1.1.45),thyA b2827 JW2795,Escherichia coli (strain K12),264,MKQYLELMQKVLDEGTQKNDRTGTGTLSIFGHQMRFNLQDGFPLVTTKRCHLRSIIHELLWFLQGDTNIAYLHENNVTIWDEWADENGDLGPVYGKQWRAWPTPDGRHIDQITTVLNQLKNDPDSRRIIVSAWNVGELDKMALAPCHAFFQFYVADGKLSCQLYQRSCDVFLGLPFNIASYALLVHMMAQQCDLEVGDFVWTGGDTHLYSNHMDQTHLQLSREPRPLPKLIIKRKPESIFDYRFEDFEIEGYDPHPGIKAPVAI
O13539,reviewed,THP2_YEAST,THO complex subunit THP2,THP2 YHR167W,Saccharomyces cerevisiae (strain ATCC 204508 / S288c) (Baker's yeast),261,MTKEEGRTYFESLCEEEQSLQESQTHLLNILDILSVLADPRSSDDLLTESLKKLPDLHRELINSSIRLRYDKYQTREAQLLEDTKTGRDVAAGVQNPKSISEYYSTFEHLNRDTLRYINLLKRLSVDLAKQVEVSDPSVTVYEMDKWVPSEKLQGILEQYCAPDTDIRGVDAQIKNYLDQIKMARAKFGLENKYSLKERLSTLTKELNHWRKEWDDIEMLMFGDDAHSMKKMIQKIDSLKSEINAPSESYPVDKEGDIVLE
P08510,reviewed,KCNAS_DROME,Potassium voltage-gated channel protein Shaker (Protein minisleep),Sh mns CG12348,Drosophila melanogaster (Fruit fly),655,MAAVAGLYGLGEDRQHRKKQQQQQQHQKEQLEQKEEQKKIAERKLQLREQQLQRNSLDGYGSLPKLSSQDEEGGAGHGFGGGPQHFEPIPHDHDFCERVVINVSGLRFETQLRTLNQFPDTLLGDPARRLRYFDPLRNEYFFDRSRPSFDAILYYYQSGGRLRRPVNVPLDVFSEEIKFYELGDQAINKFREDEGFIKEEERPLPDNEKQRKVWLLFEYPESSQAARVVAIISVFVILLSIVIFCLETLPEFKHYKVFNTTTNGTKIEEDEVPDITDPFFLIETLCIIWFTFELTVRFLACPNKLNFCRDVMNVIDIIAIIPYFITLATVVAEEEDTLNLPKAPVSPQDKSSNQAMSLAILRVIRLVRVFRIFKLSRHSKGLQILGRTLKASMRELGLLIFFLFIGVVLFSSAVYFAEAGSENSFFKSIPDAFWWAVVTMTTVGYGDMTPVGVWGKIVGSLCAIAGVLTIALPVPVIVSNFNYFYHRETDQEEMQSQNFNHVTSCPYLPGTLGQHMKKSSLSESSSDMMDLDDGVESTPGLTETHPGRSAVAPFLGAQQQQQQPVASSLSMSIDKQLQHPLQQLTQTQLYQQQQQQQQQQQNGFKQQQQQTQQQLQQQQSHTINASAAAATSGSGSSGLTMRHNNALAVSIETDV
O59945,reviewed,FIMB_SCHPO,Fimbrin,fim1 SPBC1778.06c,Schizosaccharomyces pombe (strain 972 / ATCC 24843) (Fission yeast),614,MLALKLQKKYPELTNEEILTLTDQFNKLDVDGKGYLDQPTTIKAFEDSKKGSYDEVREAIREVNVDSSGRVEPEDFVGIFNVLKKGVEGTEVKKGRITIKGSSSSVSHTINEEERREFIKHINSVLAGDPDVGSRVPINTETFEFFDQCKDGLILSKLINDSVPDTIDERVLNKQRNNKPLDNFKCIENNNVVINSAKAMGGISITNIGAGDILEGREHLILGLVWQIIRRGLLGKIDITLHPELYRLLEEDETLDQFLRLPPEKILLRWFNYHLKAANWPRTVSNFSKDVSDGENYTVLLNQLAPELCSRAPLQTTDVLQRAEQVLQNAEKLDCRKYLTPTAMVAGNPKLNLAFVAHLFNTHPGLEPLNEEEKPEIEPFDAEGEREARVFTLWLNSLDVTPSIHDFFNNLRDGLILLQAYDKITPNTVNWKKVNKAPASGDEMMRFKAVENCNYAVDLGKNQGFSLVGIQGADITDGSRTLTLALVWQMMRMNITKTLHSLSRGGKTLSDSDMVAWANSMAAKGGKGSQIRSFRDPSISTGVFVLDVLHGIKSEYVDYNLVTDGSTEELAIQNARLAISIARKLGAVIFILPEDIVAVRPRLVLHFIGSLMAV
C3SBW0,reviewed,PNMT_THLFG,Pavine N-methyltransferase (TfPavNMT) (EC 2.1.1.300),PavNMT,Thalictrum flavum subsp. glaucum (Yellow meadow rue),356,METKQTKKEAVANLIKRIEHGEVSDEEIRGMMKIQVQKRLKWGYKPTHEQQLAQLVTFAQSLKGMEMAEEVDTLDAELYEIPLPFLHIMCGKTLKFSPGYFKDESTTLDESEVYMMDLYCERAQIKDGQSILDLGCGHGSLTLHVAQKYRGCKVTGITNSVSQKEFIMDQCKKLDLSNVEIILEDVTKFETEITYDRIFAVALIEHMKNYELFLKKVSTWIAQYGLLFVEHHCHKVFAYQYEPLDEDDWYTEYIFPSGTLVMSSSSILLYFQEDVSVVNHWTLSGKHPSLGFKQWLKRLDDNIDEVKEIFESFYGSKEKAMKFITYWRVFCIAHSQMYSTNNGEEWMLSQVLFKKK
P0A776,reviewed,RPPH_ECOLI,RNA pyrophosphohydrolase (EC 3.6.1.-) ((Di)nucleoside polyphosphate hydrolase) (Ap5A pyrophosphatase),rppH nudH ygdP b2830 JW2798,Escherichia coli (strain K12),176,MIDDDGYRPNVGIVICNRQGQVMWARRFGQHSWQFPQGGINPGESAEQAMYRELFEEVGLSRKDVRILASTRNWLRYKLPKRLVRWDTKPVCIGQKQKWFLLQLVSGDAEINMQTSSTPEFDGWRWVSYWYPVRQVVSFKRDVYRRVMKEFASVVMSLQENTPKPQNASAYRRKRG
H8WR05,reviewed,BFAT_VARPD,Beta-phenylalanine transaminase (EC 2.6.1.-) (Aromatic beta-amino acid aminotransferase) (Beta-phenylalanine aminotransferase) (VpAT),,Variovorax paradoxus,434,MTHAAIDQALADAYRRFTDANPASQRQFEAQARYMPGANSRSVLFYAPFPLTIARGEGAALWDADGHRYADFIAEYTAGVYGHSAPEIRDAVIEAMQGGINLTGHNLLEGRLARLICERFPQIEQLRFTNSGTEANLMALTAALHFTGRRKIVVFSGGYHGGVLGFGARPSPTTVPFDFLVLPYNDAQTARAQIERHGPEIAVVLVEPMQGASGCIPGQPDFLQALRESATQVGALLVFDEVMTSRLAPHGLANKLGIRSDLTTLGKYIGGGMSFGAFGGRADVMALFDPRTGPLAHSGTFNNNVMTMAAGYAGLTKLFTPEAAGALAERGEALRARLNALCANEGVAMQFTGIGSLMNAHFVQGDVRSSEDLAAVDGRLRQLLFFHLLNEDIYSSPRGFVVLSLPLTDADIDRYVAAIGSFIGGHGALLPRAN
P06710,reviewed,DPO3X_ECOLI,DNA polymerase III subunit tau (EC 2.7.7.7) (DNA polymerase III subunit gamma),dnaX dnaZ dnaZX b0470 JW0459,Escherichia coli (strain K12),643,MSYQVLARKWRPQTFADVVGQEHVLTALANGLSLGRIHHAYLFSGTRGVGKTSIARLLAKGLNCETGITATPCGVCDNCREIEQGRFVDLIEIDAASRTKVEDTRDLLDNVQYAPARGRFKVYLIDEVHMLSRHSFNALLKTLEEPPEHVKFLLATTDPQKLPVTILSRCLQFHLKALDVEQIRHQLEHILNEEHIAHEPRALQLLARAAEGSLRDALSLTDQAIASGDGQVSTQAVSAMLGTLDDDQALSLVEAMVEANGERVMALINEAAARGIEWEALLVEMLGLLHRIAMVQLSPAALGNDMAAIELRMRELARTIPPTDIQLYYQTLLIGRKELPYAPDRRMGVEMTLLRALAFHPRMPLPEPEVPRQSFAPVAPTAVMTPTQVPPQPQSAPQQAPTVPLPETTSQVLAARQQLQRVQGATKAKKSEPAAATRARPVNNAALERLASVTDRVQARPVPSALEKAPAKKEAYRWKATTPVMQQKEVVATPKALKKALEHEKTPELAAKLAAEAIERDPWAAQVSQLSLPKLVEQVALNAWKEESDNAVCLHLRSSQRHLNNRGAQQKLAEALSMLKGSTVELTIVEDDNPAVRTPLEWRQAIYEEKLAQARESIIADNNIQTLRRFFDAELDEESIRPI
