accession,sequence,organism,sequence_length,n_epitopes_after_relative_filter,epitope_start,epitope_end,epitope_coverage,entry,reviewed,entry name,protein names,gene names,length
A0A834K244,MEISGLVYLIIIVTIIDLPYGKANNYCKIKCLKGGVHTACKYGSLKPNCGNKVVVSYGLTKQEKQDILKEHNDFRQKIARGLETRGNPGPQPPAKNMKNLVIXXXXXXXXXXXXXXXXXXXXXXXXXXXXXXXAQVWANQCEYGHDTCRDVAKYQVGQNVALTGSTAAKYDDPVKLVKMWEDEVKDYNPKKKFSGNNFLKTGHYTQMVWANTKEVGCGSIKYIQEKWHKHYLVCNYGPSGNFKNEELYQTK,Vespula vulgaris,251.0,27.0,36;96;126;201,62;119;191;221,0.549800796812749,,,,,,
P49372,MGVQTHVLELTSSVSAEKIFQGFVIDVDTVLPKAAPGAYKSVEIKGDGGPGTLKIITLPDGGPITTMTLRIDGVNKEALTFDYSVIDGDILLGFIESIENHVVLVPTADGGSICKTTAIFHTKGDAVVPEENIKYANEQNTALFKALEAYLIAN,Apium graveolens,154.0,13.0,2;29;89;110,25;40;106;154,0.6428571428571429,,,,,,
P01012,MGSIGAASMEFCFDVFKELKVHHANENIFYCPIAIMSALAMVYLGAKDSTRTQINKVVRFDKLPGFGDSIEAQCGTSVNVHSSLRDILNQITKPNDVYSFSLASRLYAEERYPILPEYLQCVKELYRGGLEPINFQTAADQARELINSWVESQTNGIIRNVLQPSSVDSQTAMVLVNAIVFKGLWEKAFKDEDTQAMPFRVTEQESKPVQMMYQIGLFRVASMASEKMKILELPFASGTMSMLVLLPDEVSGLEQLESIINFEKLTEWTSSNVMEERKIKVYLPRMKMEEKYNLTSVLMAMGITDVFSSSANLSGISSAESLKISQAVHAAHAEINEAGREVVGSAEAGVDAASVSEEFRADHPFLFCIKHIATNAVLFFGRCVSP,Gallus gallus,386.0,13.0,2;57;106;133;215;324;369,54;71;123;162;232;344;386,0.4481865284974093,,,,,,
A0ABQ9K8N2,MAEEVEEERLKYLDFVRAAGVYAVDSFSTLYLYAKDISGPLKPGVDTIENVVKTVVTPVYYIPLEAVKFVDKTVDVSVTSLDGIVPPVIKQVSAQTYSVAQDAPRIVLDVASSVFNTGVQEGAKTLYANLEPKAEQYAVITGGALNKLPLVPQVANVVVPTAVYFSEKYNDVVRGTVEQGYRVSSYLPLLPTEKITKVFGDEAS,Hevea brasiliensis,204.0,10.0,11;50;104;137;161;179,25;70;115;148;172;196,0.4411764705882353,,,,,,
P27762,MGIKHCCYILYFTLALVTLVQAGRLGEEVDILPSPNDTRRSLQGCEAHNIIDKCWRCKPDWAENRQALGNCAQGFGKATHGGKWGDIYMVTSDQDDDVVNPKEGTLRFGATQDRPLWIIFQRDMIIYLQQEMVVTSDKTIDGRGAKVELVYGGITLMNVKNVIIHNIDIHDVRVLPGGRIKSNGGPAIPRHQSDGDAIHVTGSSDIWIDHCTLSKSFDGLVDVNWGSTGVTISNCKFTHHEKAVLLGASDTHFQDLKMHVTLAYNIFTNTVHERMPRCRFGFFQIVNNFYDRWDKYAIGGSSNPTILSQGNKFVAPDFIYKKNVCLRTGAQEPEWMTWNWRTQNDVLENGAIFVASGSDPVLTAEQNAGMMQAEPGDMVPQLTMNAGVLTCSPGAPC,Ambrosia artemisiifolia,397.0,1.0,247,262,0.04030226700251889,,,,,,
O65457,MTHFTVSCLLVALFLCQSLVHAAYNGYYGYSPAAAPYPAEEPQNIMNPVDSCWRLKSDWDVNREDLADCAVGFGSSTLGGKKGNIYVVTNPYDNAQNPHPGSLRYGVIQAKPLWITFAKDMVITLANELMVNSYKTIDGRGAKVEIAYGPCITIQDVTNVIVHGISIHDCKPGKSGKVRSSPTHVGHRKGSDGDAITIFGSSNVWIDHCYLASCTDGLIDVIHASTAITISNNYFTQHDKVMLLGHNDNFVKDVKMKVTVAFNHFGPGLVERMPRVRRGYAHVANNRYDKWIMYAIGGSADPTIFSEGNYFIASDKSYSKEVTKREVKGGWNNWRWRTSNDVFKNGAFFVPSGYGSIPLPYSSAQRFTVAPGNLVPSLTADAGPLNCNRNGPCY,Arabidopsis thaliana,394.0,1.0,245,260,0.04060913705583756,,,,,,
A0A804JLZ5,MAAFLFFLTIAAFTAPIYSSRAPLTSAAVRDPELVVQEVQRSLNVSRRRLGYLSCGTGNPIDDCWRCDPDWADNRQRLADCAIGFGKNAIGGRDGEIYVVTDSGDDDPVNPKPGTLRYAVIQEEPLWIIFKRDMVIQLKEELIMNSHKTIDGRGASVHISGGPCITIQYVTNIIIHGVHIHDCKQGGNAYVRDSPGHYGWRTVSDGDGVSIFGGSHVWVDHCTLSNCHDGLIDAIHGSTAITISNNYLSHHDKVMLLGHSDELTSDKSMQVTIAFNHFGEDLVQRMPRCRHGYFHVVNNDYTHWEMYAIGGSAAPTINSQGNRFLAPNDRFAKEVTKREDAQESEWKKWNWRSEGDQMLNGAFFTPSGAGASSSYAKASSLGARSSSLVGTITVSAGVLSCKKGSRC,Musa acuminata,407.0,1.0,249,264,0.03931203931203931,,,,,,
O24554,MATTILPLILFISSLAIASSSPSRTPHAIVNEVHKSINASRRNLGYLSCGTGNPIDDCWRCDPNWANNRQRLADCAIGFGKNAMGGRNGRIYVVTDPGNDDPVNPVPGTLRYAVIQDEPLWIIFKRDMVIQLRQELVMNSHKTIDGRGVNVHIGNGPCITIHYASNIIIHGIHIHDCKQAGNGNIRNSPHHSGWWTQSDGDGISIFASKDIWIDHNSLSNCHDGLIDAIHGSTAITISNNYMTHHDKVMLLGHSDSYTQDKNMQVTIAFNHFGEGLVQRMPRCRHGYFHVVNNDYTHWEMYAIGGSASPTIYSQGNRFLAPNTRFDKEVTKHENAPESEWKNWNWRSEGDLMLNGAYFRESGGRAASSFARASSLSGRPSTLVASMTRSAGALVCRKGSRC,Zinnia elegans,401.0,1.0,252,267,0.0399002493765586,,,,,,
Q9C5M8,MKMQTKKLFITIVSFLLYAPLFLSSPVPDPESVVEEVHKSINASVAGRRKLGYLSCTTGNPIDDCWRCDPHWEQHRQRLADCAIGFGKNAIGGRDGRIYVVTDSGNDNPVSPKPGTLRHAVVQDEPLWIIFQRDMTIQLKEELIMNSFKTIDGRGASVHISGGPCITIQYVTNIIIHGIHIHDCKQGGNAMVRSSPRHFGWRTISDGDGVSIFGGSHVWVDHCSFSNCEDGLIDAIMGSTAITLSNNHMTHHDKVMLLGHSDTYSRDKNMQVTIAFNHFGEGLVQRMPRCRHGYFHVVNNDYTHWEMYAIGGSANPTINSQGNRFLAPNIRFSKEVTKHEDAPESEWKRWNWRSSGDLLLNGAFFTPSGGAASSSYAKASSLGAKPSSLVGPLTSTSGALNCRKGSRC,Arabidopsis thaliana,408.0,1.0,259,274,0.0392156862745098,,,,,,
O04404,MRTVSAPSAVALVVIVAAGLAWTSLASVAPPAPAPGSEETCGTVVRALMPCLPFVQGKEKEPSKGCCSGAKRLDGETKTGLQRVHACECIQTAMKTYSDIDGKLVSEVPKHCGIVDSKLPPIDVNMDCKTLGVVPRQPQLPVSLRHGPVTGPSDPAHKARLERPQIRVPPPAPEKA,Parietaria judaica,176.0,1.0,90,108,0.10795454545454546,,,,,,
Q09072,MKTFLIIALLAMAVATATATTTVQYNPSEQYQPYPEQQEPFVQQQQPFVQQQQPFVQQQQMFLQPLLQQQLNPCKQFLVQQCSPVAAVPFLRSQILRQAICQVTRQQCCRQLAQIPEQLRCPAIHSVVQSIILQQQQQQQQFIQPQLQQQVFQPQLQLQQQVFQPQLQQQVFQPQLQQVFNQPQMQGQIEGMRAFALQALPAMCDVYVPPQCPVATAPLGGF,Avena sativa,222.0,3.0,20,46,0.12162162162162163,,,,,,
Q9XG86,GKKEEKKEEKKESGDAASGADGTYDITKLGAKPDGKTDCTKEVEEAWASACGGTGKNTIVIPKGDFLTGPLNFTGPCKGDSVTIKLDGNLLSSNDLAKYKANWIEIMRIKKLTITGKGTLDGQGKAVWGKNSCAKNYNCKILPNTLVLDFCDDALIEGITLLNAKFFHMNIYECKGVTVKDVTITAPGDSPNTDGIHIGDSSKVTITDTTIGTGDDCISIGPGSTGLNITGVTCGPGHGISVGSLGRYKDEKDVTDITVKNCVLKKSTNGLRIKSYEDAKSPLTASKLTYENVKMEDVGYPIIIDQKYCPNKICTSKGDSARVTVKDVTFRNITGTSSTPEAVSLLCSDKQPCNGVTMNDVKIEYSGTNNKTMAVCTNAKVTAKGVSEANTCAA,Phleum pratense,394.0,5.0,36;91;126,50;115;140,0.13959390862944163,,,,,,
Q71SP0,MQFTTIASLFAAAGLAAAAPLESRQDTASCPVTTEGDYVWKISEFYGRKPEGTYYNSLGFNIKATNGGTLDFTCSAQADKLEDHKWYSCGENSFMDFSFDSDRSGLLLKQKVSDDITYVATATLPNYCRAGGNGPKDFVCQGVADAYITLVTLPKSS,Alternaria alternata,157.0,6.0,6;111;141,25;130;157,0.3630573248407643,,,,,,
2EJN_A,MEICPAVKRDVDLFLTGTPDEYVEQVAQYKALPVVLENARILKNCVDAKMTEEDKENALSLLDKIYTSPLCVKMAETCPIFYDVFFAVANGNELLLDLSLTKVNATEPERTAMKKIQDCYVENGLISRVLDGLVMTTISSSKDCMGEHHHHHH,Felis catus,153.0,6.0,20;80;120,44;104;134,0.42483660130718953,,,,,,
Q9M4S2,MDSPCLIAVLVFLCAIVSCYSDNPIDSCWRGDSNWDQNRMKLADCAVGFGSSTMGGKGGDIYTVTSAEDNPVNPTPGTLRYGATREKALWIIFSQNMNIKLKMPLYVAGHKTIDGRGADVHLGNGGPCLFMRKVSHVILHGLHIHGCNTSVLGNVLVSESIGVEPVHAQDGDAITMRNVTNAWIDHNSLSDCSDGLIDVTLSSTGITISNNHFFNHHKVMLLGHDDTYDDDKSMKVTVAFNQFGPNAGQRMPRARYGLVHVANNNYDQWNIYAIGGSSNPTILSEGNSFAAPNENYKKEVTKRIGCVSTSACANWVWRSTRDAFSNGAYFVSSGKTEETNIYTSNEAFKVENGNLAPQLTKNAGVVA,Cupressus sempervirens,367.0,7.0,86;126;211;231,110;145;225;245,0.20435967302452315,,,,,,
Q9SCG9,MASPCLVAVLVFLCAIVSCYSDNPIDSCWRGDSNWDQNRMKLADCVVGFGSSTMGGKGGEIYTVTSSEDNPVNPTPGTLRYGATREKALWIIFSQNMNIKLQMPLYVAGYKTIDGRGADVHLGNGGPCLFMRKASHVILHGLHIHGCNTSVLGDVLVSESIGVEPVHAQDGDAITMRNVTNAWIDHNSLSDCSDGLIDVTLGSTGITISNNHFFNHHKVMLLGHDDTYDDDKSMKVTVAFNQFGPNAGQRMPRARYGLVHVANNNYDQWNIYAIGGSSNPTILSEGNSFTAPNESYKKEVTKRIGCETTSACANWVWRSTRDAFTNGAYFVSSGKAEDTNIYNSNEAFKVENGNAAPQLTQNAGVVA,Hesperocyparis arizonica,367.0,5.0,71;186;316,90;205;330,0.14986376021798364,,,,,,
P43187,MPCSTEAMEKAGHGHASTPRKRSLSNSSFRLRSESLNTLRLRRIFDLFDKNSDGIITVDELSRALNLLGLETDLSELESTVKSFTREGNIGLQFEDFISLHQSLNDSYFAYGGEDEDDNEEDMRKSILSQEEADSFGGFKVFDEDGDGYISARELQMVLGKLGFSEGSEIDRVEKMIVSVDSNRDGRVDFFEFKDMMRSVLVRSS,Betula pendula,205.0,1.0,61,75,0.07317073170731707,,,,,,
P40108,MTSVQLETPHSGKYEQPTGLFINNEFVKGQEGKTFDVINPSDESVITQVHEATEKDVDIAVAAARKAFEGSWRQETPENRGKLLNNLANLFEKNIDLLAAVESLDNGKAISMAKGDISMCVGCLRYYGGWADKITGKVIDTTPDTFNYVKKEPIGVCGQIIPWNFPLLMWAWKIGPAIACGNTVVLKTAEQTPLGGLVAASLVKEAGFPPGVINVISGFGKVAGAALSSHMDVDKVAFTGSTVVGRTILKAAASSNLKKVTLELGGKSPNIVFEDADIDNAISWVNFGIFFNHGQCCCAGSRVYVQESIYDKFVQKFKERAQKNVVGDPFAADTFQGPQVSKVQFDRIMEYIQAGKDAGATVETGGKRKGDKGYFIEPTIFSNVTEDMKIVKEEIFGPVCSIAKFKTKEDAIKLGNASTYGLAAAVHTKNLNTAIEVSNALKAGTVWVNTYNTLHHQMPFGGYKESGIGRELGEDALANYTQTKTVSIRLGDALFG,Cladosporium herbarum,496.0,1.0,341,355,0.03024193548387097,,,,,,
A0ABI7XHC5,MENWRSRFASALRREAVSWAPRRGLSRSRAVSGLGEAEPWLGTPALRVKVWALTWGLEISGEWYSILLASDVKEKIEENGSMRVFVEHIKALDNSSLSFVFHTKENGKCTEIFLVADKTKDGVYTVVYDGYNVFSIVETVYDEYILLHLLNFDKTRPFQLVEFYAREPDVSQKLKEKFVKYCQEHGIVNILDLTEVDRCLQARGSEVAQDSSVE,Felis catus,214.0,3.0,56;96;116,70;110;130,0.2102803738317757,,,,,,
A0PJ16,MEKHYFVILFTAAFVFVGAAARADIGDELEAAQFNSTRRGLHECAAHNIIDKCWRCKADWEKNRQALAKCAQGFAKGTTGGLGGEIYVVTDCSDDNAANPKPGTLRCGVTQDKPLWIIFKKDMVIKLKHELVINKDKTIDGRGANVEITCGGLTIHNVCNVIIHNIHIHDIKVTEGGIIKATDAKPGHRHKSDGDGICVAGSSKIWIDHCTLSHGPDGLIDVTLGSTAVTISNCKFSHHQKILLLGADNSHVDDKKMHVTVAFNRFAEACDQRMPRCRFGFFQVVNNDYTSWGTYAIGGSANPTILSQGNRFHAPNDPMKKNVLVRADAPHTESMKWNWRSEKDLLENGAIFVASGCDPHLTPEQKSHLIPAEPGSAVLQLTSCAGTLKCVPGKPC,Artemisia vulgaris,396.0,49.0,40;106;198;225;252;321,69;189;222;237;315;377,0.6893939393939394,,,,,,
E1XUL4,MGIKQCCYILYFTLALVALLQPVRSAEGVGEILPSVNETRSLQACEALNIIDKCWRGKADWENNRQALADCAQGFAKGTYGGKWGDVYTVTSNLDDDVANPKEGTLRFAAAQNRPLWIIFKNDMVINLNQELVVNSDKTIDGRGVKVEIINGGLTLMNVKNIIIHNINIHDVKVLPGGMIKSNDGPPILRQASDGDTINVAGSSQIWIDHCSLSKSFDGLVDVTLGSTHVTISNCKFTQQSKAILLGADDTHVQDKGMLATVAFNMFTDNVDQRMPRCRFGFFQVVNNNYDRWGTYAIGGSSAPTILCQGNRFLAPDDQIKKNVLARTGTGAAESMAWNWRSDKDLLENGAIFVTSGSDPVLTPVQSAGMIPAEPGEAAIKLTSSAGVLSCRPGAPC,Ambrosia artemisiifolia,397.0,45.0,82;103;199;220;253;343,93;177;216;237;339;393,0.6574307304785895,,,,,,
P27760,MGIKHCCYILYFTLALVTLLQPVRSAEDVEEFLPSANETRRSLKACEAHNIIDKCWRCKADWANNRQALADCAQGFAKGTYGGKHGDVYTVTSDKDDDVANPKEGTLRFAAAQNRPLWIIFKRNMVIHLNQELVVNSDKTIDGRGVKVNIVNAGLTLMNVKNIIIHNINIHDIKVCPGGMIKSNDGPPILRQQSDGDAINVAGSSQIWIDHCSLSKASDGLLDITLGSSHVTVSNCKFTQHQFVLLLGADDTHYQDKGMLATVAFNMFTDHVDQRMPRCRFGFFQVVNNNYDRWGTYAIGGSSAPTILSQGNRFFAPDDIIKKNVLARTGTGNAESMSWNWRTDRDLLENGAIFLPSGSDPVLTPEQKAGMIPAEPGEAVLRLTSSAGVLSCHQGAPC,Ambrosia artemisiifolia,398.0,9.0,107;131;155;179;200;293,118;148;172;190;211;307,0.2185929648241206,,,,,,
P00711,MMSFVSLLLVGILFHATQAEQLTKCEVFRELKDLKGYGGVSLPEWVCTTFHTSGYDTQAIVQNNDSTEYGLFQINNKIWCKDDQNPHSSNICNISCDKFLDDDLTDDIMCVKKILDKVGINYWLAHKALCSEKLDQWLCEKL,Bos taurus,142.0,12.0,38;62;104,55;91;140,0.5985915492957746,,,,,,
K7AES0,LLGLLAPLASAQLSREFYKASCPDAEKIVAAVIEKKLKEDPGTAAGLLRLLFHDCFANGCDASILIDPLSNQSAEKEAGPNISVRGFEVIDDIKKELEAKCPKTVSCADIVALGTRDAVRISGGPAYEVPTGRRDSLVSNREEADNNLPGPDIPIPKLTSEFLSRGFTPEEMVVLLAGGHSIGKVRCIFIEPDATPMDPGYQASISKLCDGPNRDTGFVNMDEHNPNVIDSSYFANVLAKKMPLTVDRLLGLDSKTTPIIKNMLNKPNDFMPTFAKAMEKLSVLKVITGKDGEIRKSCSEFNNPMPSTGGSVIRISSANPEDLEGLSSGGTQVAGIVSQGTKDPWHVKTLKAAGAAHPKKVTGRHPKLRGAHPQ,Phleum pratense,374.0,8.0,1;23;45;229;266;309,15;37;74;243;286;323,0.2967914438502674,,,,,,
K7AJH7,ALRWNLQMGHSVLPKSVSEERIKQNLDVYDWSIPDDLLAKFSEIKQTRLLMGNFIVNKDSVYKTHEELWDGEI,Phleum pratense,73.0,3.0,1;25,15;49,0.547945205479452,,,,,,
K6Z7P7,GILLDFVWYEPLTYNTEDEFAAHRAREFTLGWFMHPITYGHYPETMQRLVADRLPNFTDEQTRLLQGSADIVGVNHYTTYYAKNHENLTHMSYANDWQVQLVYERNGIPIGKQGYSKWLYVVPWGFYKAVMHVKDKYRNPLMIIGENGIDQSGSDTLPHALYDKFRIDYFDQYLHELKRATDDGARVTGYFAWSLLDNFEWRMGFTSKFGIVYVDRKTFTRYPKDSTRWFRKVIKNEE,Phleum pratense,238.0,2.0,44;115,58;129,0.12605042016806722,,,,,,
K6Z6I9,SSFRFFLAHSSIHPSTDRSLAEMASEKHFKYVILGGGVAAGYAAREFAKQGVQPGELAIISKESVAPYERPALSKGYLFPQNAARLPGFHTCVGSGGEKLLPEWYTEKGIELILSTEIVKADLASKTLTSAAGATFTYETLLIATGSSTIKLTDFGVQGAEANNILYLRDINDADKLVAAMQAKKDGKAVVVGGGYIGLELSAALKLNNFDVTMVYPEPWCMPRLFTAGIAHFYEGYYASKGINIVKGTVASGFDADANGDVAVVKLKDGRVLDANIVIVGVGGRPLTGLFKGQVDEEKGGLKTDTFFETSVAGVYAIGDVASFPMKLYNEPRRVEHVDHARKSAEQAVKAIKAKESGETVAEYDYLPYFYSRSFDIAWQFYGDNVGESVLFGDNDPAAAKAKFGTYWVKDGKVVGVFLEGGSADENQAIAKVA,Phleum pratense,434.0,4.0,2;71;89;164,16;85;103;178,0.1382488479262673,,,,,,
K6ZY35,GATIVVSGDGRYFSKDAVQIITKMAAANGVRRVWVGQDSLLSTPAVSAIIRERIAADGSKATGAFILTASH,Phleum pratense,71.0,5.0,10,59,0.704225352112676,,,,,,
K7AFF4,MRRLSLLLLAAAALLAAAVSAEPGPAPKLSPDFYSQTCPRAERIIAEVVQSKQMANPTTAAGVLRVFFHDCFVSGCDASVLIAPTHYAKSEKDADINHSLPGDAFDAVVRSKLALELECPGVVSCADILAIASRVLVTMTGGPRYPVPLGRKDSLSSNPAAPDVELPHSNFTV,Phleum pratense,173.0,2.0,38;125,52;139,0.17341040462427745,,,,,,
K6Z707,RGGFSGLFPDSSEYAFRTAVSSSMPGVVLFCDLKFSSDGVGFCIGNLRLDNTTLIDKDFASRGSTYQVNGQDVQGWFSLDFKSKELHEIPMIQNILSRSQIFDGIPNLMSLDNVVKIVDPNEIWVNVEYDSFYREHGLSSEDYILGLPKEFPVTWVSSPEVALLKSLAGKLRNSTKLIFRFLREDLVEPTTKMTYGELLKDLKSIKAFASGILVPKQFIWPMNKDMYLEPSTSLVKDAH,Phleum pratense,239.0,8.0,44;88;150;174;196,58;117;172;188;210,0.4100418410041841,,,,,,
K7AFJ3,VGRVTQVDDRKAASAAVEEFIVKQNRPKTTRVTQVIQGYENHTFKSLFESWPVSSTGNASTEEGRGKVAALLKKKGDVKGASKNSTPVNEEVPPLLEGSGKLEVWCVDGSAKTALPKEDLGKFHSGDCYIVLYTYHSGEKREEFYLTYWIGKDSVLEDQHMALQIATTIWNSMKGRPVLGRIYQGKEPPQFIALFQPMVILKGGISSGYKKSIEENGLKDETYSGTGIALVHIHGTSIHNNKTLQVDAVSISLSSTDCFVLQSGNSMFTWIGNTSSYEQQQWAAKVAEFLKPGASVKHCKEGTESSAFWSALGGKQNYTSKNATQDVLREPHLYTFSFRNGKLEVTEVFNFSQDDLLTEDVMILDTHAEVFVWMGQCVDTKEKQTAFETGQKYVEHAVNFEGLSPDVPLYKVSEGNEPCFFRTYFSWDNTRSVIHGNSFQKKLSLLFGMRSESGSKGSGDGGPTQRASALAALSSAFNPSSQDKQSNDRPKSSGDGGPTQRASALAALSSSLNPSSKPKSPHSQSRSGQGSQRAAAVAALSNVLTAEGSTLSPRNDAEKTELAPSEFHTDQDAPGDEVPSEGERTEPDVSQEETANENGGETTFSYDRLISKSTDPVRGIDYKRRETYLSDSEFETVFGVTKEEFYQQPRWKQELQKRKADLF,Phleum pratense,663.0,5.0,240;326;349;437;537,254;340;363;451;551,0.11312217194570136,,,,,,
K7B0J2,SMCSPGFSCDSAYQVTYIVRGSGRVQVVGPDGKRVLETRIEGGSLFIVPRFHVVSKIADASGMEWFSIITTPNPI,Phleum pratense,75.0,3.0,7;40,27;54,0.48,,,,,,
K7AFB3,VQEFKRKNKKDISGNPRALRRLRTACERAKRTLSSTAQTTIEIDSLFEGIDFYSTITRARFEELNMDLFRKCMEPVEKCLRDAKMDKSTVHDVVLVGGSTRIPKVQQLLQDFFNGKELCKSINPDEAVAYGAAVQAAILSGEGNEKVQDLL,Phleum pratense,151.0,2.0,41,64,0.15894039735099338,,,,,,
K6Z6W8,DGLPGTNCPVAPGTNFTYKWQPKDQIGSFFYFPSIGMQRTVGGYGLISVVSRLLIPVPFDPPADDLQVIIGDWYTKDHT,Phleum pratense,79.0,2.0,26;49,40;63,0.379746835443038,,,,,,
K7B0S9,QYTAALSPILFECLIHPMLGGATNQKVVEDNLVKLKNVLNVYEARLTKSKYLAGDYLSLADLNHVSTTLCLGATPHASLFDAYPHVKAWWTDLLAKPSVQKVAALMKP,Phleum pratense,108.0,1.0,6,20,0.1388888888888889,,,,,,
K7AKA2,DPEGPLMLYVSKMIPASDKGRFFAFGRVFAGRVATGMKVRIMGPNFVPGQKKDLYTKSVQRTVIWMGKKQESVEDVPCGNTVALVGLDQFITKNATLTGEKEVDACPIRAMKFSVSPVVRVAVQCKVASDLPKLVEGLKRLAKSDPMVLCSIEESGEHIIAGAGELHLEICLKDLQDDFMGGAEIIVSPPVVSFRETVLDKSCRTVMSKSPNKHNRLYMEARPLEEGLPEAIDEGRIGPRDDPKVRSKILSEEFGWDKDLAKKIWCFGPETTGPNMVVDMCKGVQYLNEIKDSVVAGFQWASKEGALADENMRGICFEVCDVVLHTDAIHRGGGQVIPTARRVIFASQLTAKPRLLEPVYLVEIQAPEGALGGIYGVLNQKRGHVFEEMQRPGTPLYNIKAYLPVIESFGFSATLRAATSGQAFPQCVFDHWDVMNSDPLEADSQSANLVKEIRK,Phleum pratense,455.0,2.0,188;212,202;226,0.06593406593406594,,,,,,
K6ZY75,IPGPAEKPMIVVKYKGEEKQFAAEEISSMVLIKMREIAEAFLGNSIKNAVVTVPAYFNDSQRQATKDAGVIAGLNVLRIINEPTAAAIAYGLDKKSTSTGEKNVLIF,Phleum pratense,107.0,1.0,45,59,0.14018691588785046,,,,,,
K6Z6R1,YPLFCRFKDIFQAVYEADWKSKYEAAGIWYEHRLIDDMVAYALKSEGGYVWACKNYDGDVQSDFLAQGFGSLGLMTSVLMCPD,Phleum pratense,83.0,2.0,29;60,43;74,0.3614457831325301,,,,,,
K7AEU1,TVGASTSDRRFAATVKLGSGLEVDGESLTEPKDYGKEMVPLVRDMGGGQCTSESVLKAQNITGKIIICEAGGGVSTAKAKMVLRAGAFGMIVVAPAVFGPVIVPRPHVLPTVQVPYAVGQKIKAYLEAESSPTANFIFKGTLFDTPRSPMMAPFSSRGPNVKSRGILKPDIIGPGVNVLAGVPGVVDIVLQPKEVMPKFDIKSGTSMSCPHLAGIAALLKNAHPTWSPASIKSALMTTTETTDNTKKPIADVDGTQATYFATGAGHVNPKKAMDPGLVYNLTAAEYIPYLCGLKYTDQQVNSIIHPEPPVTCDKLRKLDQKDLNYPSITVVVDKADSVVNASRAVTNVGVASSTYDVEVEVPKSVTVEVHPPKLTFKALEEVLNYTVTVKTAAVPDGAIEGQLKWVSSKHIVRSPILILPGTGEEDTTEAAAPSAQP,Phleum pratense,437.0,1.0,116,130,0.034324942791762014,,,,,,
K7AET4,AHAANAGLGMLEPIKEEIPTISYSDLYQLAGVVAVEVSGGPVIPFHPGREDKPQPPPEGRLPDATKGSDHLRQVFGKQMGLSDQDIVALSGGHTLGRCHKERSGFEGPWTKNPLKFDNTYFTELLSGDKEGLIQLPSDKTLLTDPVFRPLVEKYAADEKAFFEDYKEAHLRLSELGYAEA,Phleum pratense,180.0,1.0,23,37,0.08333333333333333,,,,,,
Q2KN26,MAEDEDKAERDRIFGAFDANKDGKISSNELGEALKNLGSVSPEEVQTMMEELDTDGDGFISYEEFTDFYNANRGLMKDVGKIF,Ambrosia artemisiifolia,83.0,3.0,58,83,0.3132530120481928,,,,,,
P28744,MGIKHCCYILYFTLALVTLLQPVRSAEDLQQILPSANETRSLTTCGTYNIIDGCWRGKADWAENRKALADCAQGFAKGTIGGKDGDIYTVTSELDDDVANPKEGTLRFGAAQNRPLWIIFARDMVIRLDRELAINNDKTIDGRGAKVEIINAGFAIYNVKNIIIHNIIMHDIVVNPGGLIKSHDGPPVPRKGSDGDAIGISGGSQIWIDHCSLSKAVDGLIDAKHGSTHFTVSNCLFTQHQYLLLFWDFDERGMLCTVAFNKFTDNVDQRMPNLRHGFVQVVNNNYERWGSYALGGSAGPTILSQGNRFLASDIKKEVVGRYGESAMSESINWNWRSYMDVFENGAIFVPSGVDPVLTPEQNAGMIPAEPGEAVLRLTSSAGVLSCQPGAPC,Ambrosia artemisiifolia,392.0,3.0,48;104;370,63;119;385,0.12244897959183673,,,,,,
A0A140KPR6,VHQVRLREYIDGPTPEPLSNYLDAQYYGPISLGTPPQKFKVVFDTGSSNLWVPSKKCHLTNIACLLHNKYDSTKSSTYEQNGTSFAIQYGSGSLSGFLSTDVLDIGGLKVQKQTFAEAMSEPGLAFVAAKFDGILGMAYSTISVDGVTPVFYNMVKQGLVSQPIFSFYLSRDPGAAEGGELILGGSDPNHYKGDFTYLSVDRKMYWQFKMDKIQIGNGSFCADGCEAIADTGTSLIAGPVSEVTALNRQIGGTPIVGGEYMVDCNLIPKLPEIDFILGGKKFTLEGKDYILRVSQLGHTVCLSGFMGIDLPKGPLWILGDVFIGKFYTEFDMENNRVGFAEAV,Blattella germanica,343.0,13.0,18;58;123;172;226;286,52;82;137;215;245;300,0.4489795918367347,,,,,,
A1KXH6,PKTILGYWDARGLGQAIRLLLTYAGVDFIDKRYTVGPPPNYDRSQWLNDKYNLGLDFPNCPYYIDGNVKLSQSLAIIRYIARKQKLIGQNEHEEIRASLAEQQIIDMNMAIARIAYNPNCEKLKPEFLKSLPEQVGLLSKFLGDQPFIAGANISYADFLLYEYLTKLKDLVPEVYDKFENLKKFHGTVLEALPKVSEYIKKQQPKAFHGPTSLWNGTYA,Dermatophagoides farinae,219.0,2.0,136;156,150;170,0.136986301369863,,,,,,
A0A6P6Y1G3,MAIEGKYEMESSEHFEEFVKEMGLEVDMTNIDLSKTSTMEISKDGDSYLIKSNTAGIIHEIKFKLDDEFDDDMNGHKFKNIVKMDGDNKMVQTKTSIDGGKVVNVLREFTDNGCTVKSTYNNVTWTRVYKRV,Dermatophagoides pteronyssinus,132.0,1.0,46,60,0.11363636363636363,,,,,,
A0A482J3M1,MVNFTVDEIRVLMNKKRNIRNMSVIAHVDHGKSTLTDSLVSKAGIIAAAKAGEMRFTDTRKDEQERCITIKSTAISMYFEMREQDMVFITSADQKESDEKGFLINLIDSPGHVDFSSEVTAALRVTDGALVVVDCVSGVCVQTETVLRQAIAERIKPVLFMNKMDLAMLTLQLEQEDLYQKFTRIVENVNVIISTYADENGPMGDIRVDPSKGSVGFGSGLHGWAFSLKQFAELYSEKFKIDVDKLMNRLWGENFYNPTAKKWSKRFDEGYKRAFCMFVLDPIFKVFDAIMNFKKEETAKLLEKLNIVLKGEDKEKDGKNLLKVVMRTWLPAGDSLLQMIAIHLPSPITAQKYRMELLYEGPHDDEAAVAIKSCNPEGPLMMYISKMVPTSDKGRFYAFGRVFSGIVASGQKVRIMGPNYVHGKKEDLVEKAIQRTVLMMGRYVESIENVPCGNICGLVGVDQFLVKTGTISTFKDAHNMKVMKFSVSPVVRVAVEPKNPADLPKLVEGLKRLAKSDPMVQCIIEESGEHIVAGAGELHLEICLKDLEEDHAQIPIKTSDPVVSYRETVSEESEIMCLSKSPNKHNRLFMKACPLQDGIAEDIDKGDINPRDDFKVRARFLADKYNWDATDARKIWAFGPEGTGPNLLVDVTKGVQYLNEIKDSVVAGFQWATKESVLCEENMRGVRFNIHDVTLHADAIHRGGGQIIPTARRCLYACLLTAQPRLLEPVYLVEIQCPEQAVGGIYGVLNRRRGHVFEESQVVGTPMFTVKAYLPVNESFGFTADLRSNTGGQAFPQCVFDHWQILPGDPLDGKSRPYQIVMDTRKRKGLKDSLPELDNYFDKL,Dermatophagoides farinae,844.0,5.0,146;226;271,170;250;285,0.07701421800947868,,,,,,
A0A6P6XZL9,MIIFVKTFDKTISLDVDRFESIDSIKTKIQQREDIPVEDQRIIFGGKQLETCLNDYDISKDATLHLVSRLCGGVIEPSLLILARKYNCDKMICRKCYARLHPKATNCRKRKCGHSNNIRPKKKIR,Dermatophagoides pteronyssinus,125.0,2.0,87,109,0.184,,,,,,
A5X5X4,MNRFLIVCMALFCLAAAVQADETNVQYKDCGHNEIKSFFVTGGNPNQKSCVIHKHSKNQLRISFVANENTGNKINTRFICNLGGIELGWPGIDGTDACQGHGLSCPLTKGQTYNYHLDFNLGDDVPTANVTATVRLENGHGGDLLCGRMHISLQN,Dermatophagoides farinae,155.0,2.0,58,87,0.1935483870967742,,,,,,
A0A6P6YJM8,MSSTSGKKYDFSGKVALVTGSSSGIGAAIALQFAQYGAQVTITGRDAAALESVAKQIEAETGHQPLQIVGNLLDQSLPAKLIDGTISKYGRLDFLVNNAGFSTPHKDIHDEKLMEAFDQVYGLNVRAVIQLSQLAATHLEKSKGNIINISSIASIIPYQIIYSSSKAALDMITKTMALEFGKKGVRVNSINPGPVSTGFLRSIGMTAESYVKEAERFKEFTLLKFVPEPVQIANLASFLASDDARNMTGSIVVSDTGAIGKVALVTGAIALQFAQYGAQVTITGRDAAALESVAKQIEAETGHQPLQIVGNLLDQSLPAKLIDGTISKYGRLDFLVNNAGFSTPHRDIHDEKLMEAFDQVYGLNVRTVVQLSQLAATHLEKSKGNIINISSVASLVPVRFLIDXFLKININNSINFLKVHIIYSSSKAALDMITKTMAIEFGKKGVRVNSINPGPVATQFMRSLGMPVTFLKENEEFVKELTLLKFVAQPVEIANLASFLASDDARNMTGSIVVNDTGSLLAPRVDFKKLDEIKKK,Dermatophagoides pteronyssinus,536.0,1.0,9,23,0.027985074626865673,,,,,,
Q8RYC0,MGGSRVLIIGGTGYIGRHVTNASLAQGHPTFLLVREITPSNPEKAQLLESFTSKGATLVQGSIDDHASLVAALKKVDVVISTLGAPQIADQFNLIKAIKEVGTIKRFFPSEFGNDVDKHHAVEPMKSMFDLKIKLRRTIEAEGIPHTYVVPHCFAGYFLTNLAQLGLAAPPRDKIVIYGDGTTKAVYMKEEDIGTFTIKAVDDPRTLNKTLYLKPPANTISTNDLVALWEAKIGKTLEKVYLSEEQVLKLLQDTPFPGTFMVSIFHTIYVKGDQTNFQIGPDGVEASALYPDVKYTTVEEYISAFV,Cryptomeria japonica,306.0,13.0,89;185;289,176;216;304,0.4444444444444444,,,,,,
P01887,MARSVTLVFLVLVSLTGLYAIQKTPQIQVYSRHPPENGKPNILNCYVTQFHPPHIEIQMLKNGKKIPKVEMSDMSFSKDWSFYILAHTEFTPTETDTYACRVKHASMAEPKTVYWDRDM,Mus musculus,119.0,1.0,86,98,0.1092436974789916,,,,,,
P82615,MLKVSCLFVLLCGLLVPSSAQQIPPEVSSQITDALTQGLLDGNFLSLLNAINLEGLLNTILDQVTGLLNILVGPLLGPSDAEIKLQDTRLLQLSLEFSPDSKGIDIWIPLELSVYLKLLILEPLTLYVRTDIRVQLRLESDEDGKYRLAFGHCSLLPRAIELQSGNPLSLPVNAVLGTIENALGNFITEDLGAGLCPTLNSLVSNLDLQLVNNLINLILDRANVDLSV,Equus caballus,228.0,10.0,50;111;199,78;137;213,0.31140350877192985,,,,,,
P51437,MQFQRDVPSLWLWRSLSLLLLLGLGFSQTPSYRDAVLRAVDDFNQQSLDTNLYRLLDLDPEPQGDEDPDTPKSVRFRVKETVCGKAERQLPEQCAFKEQGVVKQCMGAVTLNPAADSFDISCNEPGAQPFRFKKISRLAGLLRKGGEKIGEKLKKIGQKIKNFFQKLVPQPE,Mus musculus,172.0,1.0,36,49,0.08139534883720931,,,,,,
P01837,RADAAPTVSIFPPSSEQLTSGGASVVCFLNNFYPKDINVKWKIDGSERQNGVLNSWTDQDSKDSTYSMSSTLTLTKDEYERHNSYTCEATHKTSTSPIVKSFNRNEC,Mus musculus,107.0,1.0,1,15,0.14018691588785046,,,,,,
Q6S5I3,MPDTPVEDSLFQIIHCFHHYAAREGDKETLSLEELKALLLDSVPRFMDTLGRRQPYYITELFRAADKNKDNQICFDEFLYILGKLVKDYHLQFHRQLCAHYCTEHSLY,Mus musculus,108.0,5.0,26;81,60;100,0.5092592592592593,,,,,,
A8DUK4,MVHLTDAEKAAVSGLWGKVNADEVGGEALGRLLVVYPWTQRYFDSFGDLSSASAIMGNAKVKAHGKKVITAFNDGLNHLDSLKGTFASLSELHCDKLHVDPENFRLLGNMIVIVLGHHLGKDFTPAAQAAFQKVVAGVAAALAHKYH,Mus musculus,147.0,7.0,2;43;73;116,33;59;86;130,0.5306122448979592,,,,,,
A2BHR0,MKSLLLTILLLGLVAVLKAQEAPPDDLEDFSGIWYTQAMVSDRNHTDGKRPMKVFPMTVIALEGGSLEAQLTFWDNGHCHMKKILMHKTDEPHKYTAFKGKKTIYIQETSVKGYYILYCEGQRHGRSHRKGKLIGTNSEKNPEAMEEFKKFAMSKGFREENIIVPEQLDQCVSGSN,Mus musculus,176.0,2.0,146,165,0.11363636363636363,,,,,,
A2BHD2,MMVKFLLLALVFGLAHVHAHDHPELQGQWKTTAIMADNIDKIETSGPLELFVREITCDEGCQKMKVTFYVKQNGQCSLTTVTGYKQEDGKTFKNQYEGENNYKLLKATSENLVFYDENVDRASRKTKLLYILGKGEALTHEQKERLTELATQKGIPAGNLKELAHEDTCPE,Mus musculus,171.0,1.0,126,140,0.08771929824561403,,,,,,
