accession,sequence,organism,epitope_start,epitope_end,epitope_coverage
A0A834K244,MEISGLVYLIIIVTIIDLPYGKANNYCKIKCLKGGVHTACKYGSLKPNCGNKVVVSYGLTKQEKQDILKEHNDFRQKIARGLETRGNPGPQPPAKNMKNLVIXXXXXXXXXXXXXXXXXXXXXXXXXXXXXXXAQVWANQCEYGHDTCRDVAKYQVGQNVALTGSTAAKYDDPVKLVKMWEDEVKDYNPKKKFSGNNFLKTGHYTQMVWANTKEVGCGSIKYIQEKWHKHYLVCNYGPSGNFKNEELYQTK,Vespula vulgaris,36;96;126;201,62;119;191;221,0.549800796812749
P49372,MGVQTHVLELTSSVSAEKIFQGFVIDVDTVLPKAAPGAYKSVEIKGDGGPGTLKIITLPDGGPITTMTLRIDGVNKEALTFDYSVIDGDILLGFIESIENHVVLVPTADGGSICKTTAIFHTKGDAVVPEENIKYANEQNTALFKALEAYLIAN,Apium graveolens,2;29;89;110,25;40;106;154,0.6428571428571429
A0ABI7XLA3,MRGALLVLALLVTQALGVKMAETCPIFYDVFFAVANGNELLLDLSLTKVNATEPERTAMKKIQDCYVENGLISRVLDGLVMAQPPSRPPESSPLLASLTGCSDSLLAQIAINEYCMGEAVQNTVEDLKLNTLGR,Felis catus,18,109,0.6865671641791045
A0ABQ9K8B4,MGRVMNIFIVVLLCLTGVAIAEQCGRQAGGKLCPNNLCCSQWGWCGSTDEYCSPDHNCQSNCKDSGEGVGGGSASNVLATYHLYNSQDHGWDLNAASAYCSTWDANKPYSWRSKYGWTAFCGPVGAHGQPSCGKCLSVTNTGTGAKTTVRIVDQCSNGGLDLDVNVFRQLDTDGKGYERGHLTVNYQFVDCGDSFNPLFSVMKSSVIN,Hevea brasiliensis,18;72;153,64;118;172,0.5480769230769231
A0ABQ9K8N2,MAEEVEEERLKYLDFVRAAGVYAVDSFSTLYLYAKDISGPLKPGVDTIENVVKTVVTPVYYIPLEAVKFVDKTVDVSVTSLDGIVPPVIKQVSAQTYSVAQDAPRIVLDVASSVFNTGVQEGAKTLYANLEPKAEQYAVITGGALNKLPLVPQVANVVVPTAVYFSEKYNDVVRGTVEQGYRVSSYLPLLPTEKITKVFGDEAS,Hevea brasiliensis,11;50;104;137;161;179,25;70;115;148;172;196,0.4411764705882353
A7XXV2,MISKILCLSLLVAAVVADQVDVKDCGKFVCVIHFFSFHLFNTKHNFLFLVYIHIANNEIKKVMVDGCHGSDPCIIHRGKPFTLEALFDANQNTKTAKIEIKASLDGLEIDVPGIDTNACHFMKCPLVKGQQYDIKYTWNVPKIAPKSENVVVTVKLIGDNGVLACAIATHGKIRD,Dermatophagoides farinae,55;102,82;146,0.41714285714285715
Q28133,MKAVFLTLLFGLVCTAQETPAEIDPSKIPGEWRIIYAAADNKDKIVEGGPLRNYYRRIECINDCESLSITFYLKDQGTCLLLTEVAKRQEGYVYVLEFYGTNTLEVIHVSENMLVTYVENYDGERITKMTEGLAKGTSFTPEELEKYQQLNSERGVPNENIENLIKTDNCPP,Bos taurus,29;57;75;109;123;143,42;64;96;118;135;158,0.48255813953488375
P79017,MAALLRLAVLLPLAAPLVATLPTSPVPIAARATPHEPVFFSWDAGAVTSFPIHSSCNATQRRQIEAGLNEAVELARHAKAHILRWGNESEIYRKYFGNRPTMEAVGAYDVIVNGDKANVLFRCDNPDGNCALEGWGGHWRGANATSETVICDRSYTTRRWLVSMCSQGYTVAGSETNTFWASDLMHRLYHVPAVGQGWVDHFADGYDEVIALAKSNGTESTHDSEALQYFALEAYAFDIAAPGVGCAGESHGPDQGHDTGSASAPASTSTSSSSSGSGSGATTTPTDSPSATIDVPSNCHTHEGGQLHCT,Aspergillus fumigatus,96,116,0.06774193548387097
A0A1Y3ATX9,MKIILAIASLLVLSAVYARPASIKTFEEFKKAFNKSYATPEKEEVARKNFLESLKYVESNKGAINHLSDLSLDEFKNQFLMNANAFEQLKTQFDLNAETYACSINSVSLPSELDLRSLRTVTPIRNQGGCGSCWAFSGVASTESAYLAYRNMSLDLAEQELVDCASQNGCHGDTIPRGIEYIQQNGVVQEHYYPYVAREQSCHRPNAQRYGLKNYCQISPPDSNKIRQALTQTHTAVAVIIGIKDLNAFRHYDGRTIMQHDNGYQPNYHAVNIVGYGNTQGVDYWIVRNSWDTTWGDNGYGYFAANINLMMIEQYPYVVML,Euroglyphus maynei,144;194;249,162;242;292,0.34890965732087226
Q09097,TTTVQYDPSEQYQPYPEQQEPFVQQQPPFVQQQQPFVQQQEPF,Avena sativa,1,24,0.5581395348837209
Q9XG86,GKKEEKKEEKKESGDAASGADGTYDITKLGAKPDGKTDCTKEVEEAWASACGGTGKNTIVIPKGDFLTGPLNFTGPCKGDSVTIKLDGNLLSSNDLAKYKANWIEIMRIKKLTITGKGTLDGQGKAVWGKNSCAKNYNCKILPNTLVLDFCDDALIEGITLLNAKFFHMNIYECKGVTVKDVTITAPGDSPNTDGIHIGDSSKVTITDTTIGTGDDCISIGPGSTGLNITGVTCGPGHGISVGSLGRYKDEKDVTDITVKNCVLKKSTNGLRIKSYEDAKSPLTASKLTYENVKMEDVGYPIIIDQKYCPNKICTSKGDSARVTVKDVTFRNITGTSSTPEAVSLLCSDKQPCNGVTMNDVKIEYSGTNNKTMAVCTNAKVTAKGVSEANTCAA,Phleum pratense,36;91;126,50;115;140,0.13959390862944163
P43214,MSMASSSSSSLLAMAVLAALFAGAWCVPKVTFTVEKGSNEKHLAVLVKYEGDTMAEVELREHGSDEWVAMTKGEGGVWTFDSEEPLQGPFNFRFLTEKGMKNVFDDVVPEKYTIGATYAPEE,Phleum pratense,61,115,0.45081967213114754
Q5ZQK5,SSCEVALSYYPTPLAKEDFLRCLVKEIPPRLLYAKSSPAYPSVLGQTIRNSRWSSPDNVKPIYIVTPTNASHIQSAVVCGRRHGVRIRVRSGGHDYEGLSYRSLQPEEFAVVDLSKMRAVWVDGKARTAWVDSGAQLGELYYAIHKASPVLAFPAGVCPTIGVGGNFAGGGFGMLLRKYGIAAENVIDVKLVDANGTLHDKKSMGDDHFWAVRGGGGESFGIVVAWKVRLLPVPPTVTVFKIPKKASEGAVDIINRWQVVAPQLPDDLMIRVIAQGPTATFEAMYLGTCQTLTPMMSSKFPELGMNASHCNEMSWIQSIPFVHLGHRDNIEDDLLNRNNTFKPFAEYKSDYVYEPFPKEVWEQIFSTWLLKPGAGIMIFDPYGATISATPEWATPFPHRKGVLFNIQYVNYWFAPGAGAAPLSWSKEIYNYMEPYVSKNPRQAYANYRDIDLGRNEVVNDVSTFSSGLVWGQKYFKGNFQRLAITKGKVDPTDYFRNEQSIPPLIQKY,Phleum pratense,221;321,235;370,0.1279527559055118
Q7M1X5,DKGPGFVVTGRVYCDPCRAGFETNVSHNVEGATVAVDCRPFDGGESKLKAEATTDKDGWYKIEIDQDHQEEICEVVLAKSPDKSCSEIEEFRDRARVPLTSNXGIKQQGIRYANPIAFFRKEPLKECGGILQAY,Lolium perenne,106,130,0.1865671641791045
Q7M1X6,IAKVPPGPNITATYGDKWLDAKSTWYGKPTGA,Anthoxanthum odoratum,16,32,0.53125
Q71SP0,MQFTTIASLFAAAGLAAAAPLESRQDTASCPVTTEGDYVWKISEFYGRKPEGTYYNSLGFNIKATNGGTLDFTCSAQADKLEDHKWYSCGENSFMDFSFDSDRSGLLLKQKVSDDITYVATATLPNYCRAGGNGPKDFVCQGVADAYITLVTLPKSS,Alternaria alternata,6;111;141,25;130;157,0.3630573248407643
P42039,MKYLAAFLLLGLAGNSSPSAEDIKTVLSSVGIDADEERLSSLLKELEGKDINELISSGSEKLASVPSGGAGAASAGGAAAAGGAAEAAPEAERAEEEKEESDDDMGFGLFD,Cladosporium herbarum,1,20,0.18018018018018017
P83181,PTITIGGPEYRTIFFDAYLGTSYVIVIKEPAEEFTTISDAVK,Salsola kali,11,30,0.47619047619047616
2EJN_A,MEICPAVKRDVDLFLTGTPDEYVEQVAQYKALPVVLENARILKNCVDAKMTEEDKENALSLLDKIYTSPLCVKMAETCPIFYDVFFAVANGNELLLDLSLTKVNATEPERTAMKKIQDCYVENGLISRVLDGLVMTTISSSKDCMGEHHHHHH,Felis catus,20;80;120,44;104;134,0.42483660130718953
Q6U740,MEDVPQPPVSQFHIQGQVYCDTCRARFITKLSEFITGASVRLQCRDKENGDVTFTEIGYTRGEGLYSMFVERDHKNEFCEITLLSSGRKDCNEIPIEGWVKPSLKFILNTVNGTTRTINPLGFFKKEALPQCAQVYNKLGMYPPNM,Fraxinus excelsior,21;121,45;135,0.273972602739726
Q1A7B3,MDELPPEQIQLLKKAFDAFDREKKGCISTEMVGTILEMLGHRLDDDMLQEIIAEVDADGSGELEFEEFVSLASRFLVEEDAEAMQQELREAFRLYDKEGNGYITTNVLREILKELDDKITAEDLDMMIEEIDSDGSGTVDFDEFMEVMTGE,Blattella germanica,6;61,20;80,0.23178807947019867
P54958,MIGLKLVTVLFAVATITHAAELQRVPLYKLVHVFINTQYAGITKIGNQNFLTVFDSTSCNVVVASQECVGGACVCPNLQKYEKLKPKYISDGNVQVKFFDTGSAVGRGIEDSLTISNLTTSQQDIVLADELSQEVCILSADVVVGIAAPGCPNALKGKTVLENFVEENLIAPVFSIHHARFQDGEHFGEIIFGGSDWKYVDGEFTYVPLVGDDSWKFRLDGVKIGDTTVAPAGTQAIIDTSKAIIVGPKAYVNPINEAIGCVVEKTTTRRICKLDCSKIPSLPDVTFVINGRNFNISSQYYIQQNGNLCYSGFQPCGHSDHFFIGDFFVDHYYSEFNWENKTMGFGRSVESV,Blattella germanica,11;41;206,25;85;220,0.21306818181818182
O96523,SRNLQDDLQDFLALIPVDQIIAIATDYLANDAEVQAAVAYLQSDEFETIVVTLDALPELQNFLNFLEANGLNAIDFLNGIHDLLGIPHIPVSGRKYHIRRGVGITGLIDDVLAILPLDDLKALFNEKLETSPDFLALYNAIKSPEFQSIVQTLNAMPEYQNLLEKLREKGVDVDKIIELIRALFGLTH,Blattella germanica,6;76;120,70;114;134,0.6329787234042553
P82242,TQTSHPAKFHVEGEVYCNVCHSRNLINELSERMAGAQVQLDCKDDSKKVIYSIGGETDQDGVYRLPVVGYHEDCEIKLVKSSRPDCSEIPKLAKGTIQTSKVDLSKNTTITEKTRHVKPLSFRAKTDAPGC,Plantago lanceolata,21;76,35;90,0.22900763358778625
Q8L5K9,MVVADLERLKCQAAMDASQLRERLVDLEEHKRRIAEQKAARHEDEERRLGTTQSPISYRVYTLKEIEVGTDYFSSSLKIGEGGYGPVYRAMLQHTPVAIKVLRPNVSQGLKQFQQEIDVLGRMRHPNMVLLVGACPEYGCLVYEYMENGSLEDRLFRKNNSPPIPWKLRFKIAAEIAIALLFLRDAKPEPMVHRDLKPANILLDGNYISKIADVGLARLVPPTVANEITQYHMTAAAGTFCYIDPEYQQTGQLGTKSDIYSFGIILLQLLTARPPMALSYHVEEAIDAGNFEEVLDPSISDWPVQEALSLAQLALKCCEG,Salsola kali,171;261,190;275,0.109375
B0Y708,MLSIKRTLLLLGAVLPAVFGAPVQETRRAAQKIPGKYIVTFKPGTDTATIESHTLWATDLHKRNLERRDTTSGEPPVGIEKSYKIKDFAAYAGSFDDATIEEIRKSADVAHVEEDQIWYLDALTTQKGAPWGLGSISHKGQASTDYIYDTSAGAGTYAYVVDSGINVNHVEFESRASLAYNAAGGSHVDSIGHGTHVAGTIGGKTYGVAKKTNLLSVKVFQGESSSTSIILDGFNWAVNDIVSKGRTKKAAINMSLGGGYSYAFNNAVENAFDEGVLSVVAAGNENSDASNTSPASAPNALTVAAINKSNARASFSNYGSVVDIFAPGQDILSAWIGSTTATNTISGTSMATPHIVGLSVYLMGLENLSGPAAVTARIKELATNGVVTNVKGSPNKLAYNGNA,Aspergillus fumigatus Af293,231,245,0.03722084367245657
Q9UAM5,NLLEKLREKGVDVDKIIELIRALFGLTLNAKASRNLQDDLQDFLALIPVDQIIAIATDYLANDAEVQAAVAYLQSDEFETIVVALDALPELQNFLNFLEANGLNAIDFLNGIHDLLGIPHIPVSGRKYHIRRGVGITGLIDDVLAILPIEDLKALFNEKLETSPDFLALYNAIRSPEFQSIVQTLNAMPEYQNLLQKLREKGVDVDKIIELIRALFGLTLNGKASRNLQDDLQDFLALIPVDQIIAIATDYLANDAEVQAAVAYLQSDEFETIVVTLDALPELQNFLNFLEANGLNAIDFLNGIHDLLGIPHIPVSGRKYHIRRGVGITGLIDDVLAILPLDDLKALFNEKLETSPDFLALYNAIKSPEFQSIVQTLNAMPEYQNLLEKLREKGVDVDKIIELIRALFGLTH,Blattella germanica,20;172;217;331,34;186;231;345,0.14563106796116504
P43187,MPCSTEAMEKAGHGHASTPRKRSLSNSSFRLRSESLNTLRLRRIFDLFDKNSDGIITVDELSRALNLLGLETDLSELESTVKSFTREGNIGLQFEDFISLHQSLNDSYFAYGGEDEDDNEEDMRKSILSQEEADSFGGFKVFDEDGDGYISARELQMVLGKLGFSEGSEIDRVEKMIVSVDSNRDGRVDFFEFKDMMRSVLVRSS,Betula pendula,61,75,0.07317073170731707
A0ABI7XHC5,MENWRSRFASALRREAVSWAPRRGLSRSRAVSGLGEAEPWLGTPALRVKVWALTWGLEISGEWYSILLASDVKEKIEENGSMRVFVEHIKALDNSSLSFVFHTKENGKCTEIFLVADKTKDGVYTVVYDGYNVFSIVETVYDEYILLHLLNFDKTRPFQLVEFYAREPDVSQKLKEKFVKYCQEHGIVNILDLTEVDRCLQARGSEVAQDSSVE,Felis catus,56;96;116,70;110;130,0.2102803738317757
L7N6F8,MKFNIIIVFISLAILVHSSYAANDNDDDPTTTVHPTTTEQPDDKFECPSRFGYFADPKDPHKFYICSNWEAVHKDCPGNTRWNEDEETCT,Dermatophagoides pteronyssinus,35,90,0.6222222222222222
P00711,MMSFVSLLLVGILFHATQAEQLTKCEVFRELKDLKGYGGVSLPEWVCTTFHTSGYDTQAIVQNNDSTEYGLFQINNKIWCKDDQNPHSSNICNISCDKFLDDDLTDDIMCVKKILDKVGINYWLAHKALCSEKLDQWLCEKL,Bos taurus,38;62;104,55;91;140,0.5985915492957746
K7AF62,AYFEACSLFLNYAVSFNYFVCNLLQERLKKLKSEHGKVQLGNITVDMVLGGMRGMTGMLWETSLLDPEEGIRFRGLSIPECQKVLPTAVKGGEPLPEGLLWLLLTGKVPTKEQVDALSKDLLSRSTVPGYVYKAIDALPVTAHPMTQFTTGVMALQVESEFAKAYDKGMPKSKFWEPTYEDCLNLIARLPQVASYVYRRIFKDGKTIAADNSLDYAANFSHMLGFDDPKMLELMRLYITIHTDHEGGNVSAHTGHLVGSALSDPYLSFAAALNGLAGPLHGLANQEVLLWIKSVMEETGSNITTDQLKEYVWKTLKSGKVVPGYGHGALRDTDPRYSCQREFALKHLPEDPLFQLVSKLYEVVPGILTELGKVKNPWPNVDAHSGVLLNHFGLVEARYDTVLFGVSRSMGIGSQLIWDRALGLPLERPKSVTMEWLGNHCKKGA,Phleum pratense,5;54;96;180;209;227;260;306,36;68;110;200;223;241;280;320,0.3355855855855856
K7B0C6,AAASKWNLLTFDTEEDVAVSLAKYTAELSGKFAAERGAFTVVLSGGTLIDTLRKLAEPPYLETVQWSKWHVFWVDERVVPKDHVDSNYKLAVDGLLSKVPIPTDQVYAINDTLSAEGAAADYETVLKQLVKSGVLAMSTATGFPRFDLMLLGMGPDGHLASLFPGHPLLNENQKWVTHIMDSPKPPPQRITFTFPVIKSSAYVAMVVTGPGEASAVKKVLSDDKTLPLLPTEMAILQDGEFTWFTDKQAVSMLQNK,Phleum pratense,38,52,0.05859375
K7AES0,LLGLLAPLASAQLSREFYKASCPDAEKIVAAVIEKKLKEDPGTAAGLLRLLFHDCFANGCDASILIDPLSNQSAEKEAGPNISVRGFEVIDDIKKELEAKCPKTVSCADIVALGTRDAVRISGGPAYEVPTGRRDSLVSNREEADNNLPGPDIPIPKLTSEFLSRGFTPEEMVVLLAGGHSIGKVRCIFIEPDATPMDPGYQASISKLCDGPNRDTGFVNMDEHNPNVIDSSYFANVLAKKMPLTVDRLLGLDSKTTPIIKNMLNKPNDFMPTFAKAMEKLSVLKVITGKDGEIRKSCSEFNNPMPSTGGSVIRISSANPEDLEGLSSGGTQVAGIVSQGTKDPWHVKTLKAAGAAHPKKVTGRHPKLRGAHPQ,Phleum pratense,1;23;45;229;266;309,15;37;74;243;286;323,0.2967914438502674
K7AJH7,ALRWNLQMGHSVLPKSVSEERIKQNLDVYDWSIPDDLLAKFSEIKQTRLLMGNFIVNKDSVYKTHEELWDGEI,Phleum pratense,1;25,15;49,0.547945205479452
K7B086,VLLLRRTPPRSSSYPTVASPPALVPMALPNQGTVDYPSFKLVIVGDGGTGKTTFVKRHLTGEFEKKYEPTIGVEVHPLDFTTNCGKIRFYCWDTAGQEKFGGLRDGYYIHGQCAIIMFDVTSRLTYKNVPTWHRDLCRVCENIPIVLCGNKVDVKNRQVKAKQVTFHRKKNLQYYEISAKSNYNFEKPFLYLARKLAGDANIHFVEAVALKPPEVTFDLAMQQQHEAELAAAAAQPLPDDDDDLVE,Phleum pratense,105;187;226,126;214;240,0.26422764227642276
K6Z7P7,GILLDFVWYEPLTYNTEDEFAAHRAREFTLGWFMHPITYGHYPETMQRLVADRLPNFTDEQTRLLQGSADIVGVNHYTTYYAKNHENLTHMSYANDWQVQLVYERNGIPIGKQGYSKWLYVVPWGFYKAVMHVKDKYRNPLMIIGENGIDQSGSDTLPHALYDKFRIDYFDQYLHELKRATDDGARVTGYFAWSLLDNFEWRMGFTSKFGIVYVDRKTFTRYPKDSTRWFRKVIKNEE,Phleum pratense,44;115,58;129,0.12605042016806722
K6Z6I9,SSFRFFLAHSSIHPSTDRSLAEMASEKHFKYVILGGGVAAGYAAREFAKQGVQPGELAIISKESVAPYERPALSKGYLFPQNAARLPGFHTCVGSGGEKLLPEWYTEKGIELILSTEIVKADLASKTLTSAAGATFTYETLLIATGSSTIKLTDFGVQGAEANNILYLRDINDADKLVAAMQAKKDGKAVVVGGGYIGLELSAALKLNNFDVTMVYPEPWCMPRLFTAGIAHFYEGYYASKGINIVKGTVASGFDADANGDVAVVKLKDGRVLDANIVIVGVGGRPLTGLFKGQVDEEKGGLKTDTFFETSVAGVYAIGDVASFPMKLYNEPRRVEHVDHARKSAEQAVKAIKAKESGETVAEYDYLPYFYSRSFDIAWQFYGDNVGESVLFGDNDPAAAKAKFGTYWVKDGKVVGVFLEGGSADENQAIAKVA,Phleum pratense,2;71;89;164,16;85;103;178,0.1382488479262673
K7AK41,KLMKTIFDFESIKKLLASPKFSFCFDGLHGVAGAYAKRMFVDELGASESSLLNCVPKEDFGGGHPDPNLTYAKELVERMGLGKSSSNVEPPEFGAAADGDADRNMVLGKRFFVTPSDSVAIIAANAVQSIPYFASGLKGVARSMPTSAALDVVAKNLNLKFFEVPTGWKFFGNLMDAGMCSVCGEESFGTGSDHIREKDGIWAVLAWLSIIAYKNKDNLGGDKLVSVEDIVLQHWATYGRHYYTRYDYENVDAEAAKELMANLVKMQSALSDVNKLIKEIQPDVAEVVSADEFEYKDPVDGSVSKHQGIRYLFGDGSRLVFRLSGTGSVGATIRIYIEQYEKDSSKTGRESSDALSPLVDVALKLSKIKEYTGRSAPTVIT,Phleum pratense,3;38;67;103;126;200;257,23;52;81;117;140;214;277,0.30708661417322836
K7B0C2,IKQFSETFRSGSWVGATGKPLTNVVSVGIGGSFLGPLFVHTALQTDPEAAESAKGRQLRFLANVDPVDVARSIKDLDPETTLVVVVSKTFTTAETMLNARTIKEWIVSSLGPQAVSKHMIAVSTNLKLVKEFGIDPNNAFAFWDWVGGRYSVCSAVGVLPLSLQYGFPIVQRFLEGASSIDNHFRTASFEKNIPVLLGLLSVWNVSFLGYPARAILPYSQALEKLAPHIQQLSMESNGKGVSIDGVPLPYEAGEIDFGEPGTNGQHSFYQLIHQGRVIPCDFIGVIKSQQPVYLKGETVSNHDELMSNFFAQPDALASRKTPAPLRSENVSENLIPHKTFKGNRPSLSFLLSSLSAYEIGQLLAIYEHRIAVQGFIWGINSFDQWGVELGKSLASQVRKQLHASRMEGKPVEGFNPSSASLLARYLAVEPSTPYDTTVLPKV,Phleum pratense,338;410,387;430,0.16063348416289594
K7AFF4,MRRLSLLLLAAAALLAAAVSAEPGPAPKLSPDFYSQTCPRAERIIAEVVQSKQMANPTTAAGVLRVFFHDCFVSGCDASVLIAPTHYAKSEKDADINHSLPGDAFDAVVRSKLALELECPGVVSCADILAIASRVLVTMTGGPRYPVPLGRKDSLSSNPAAPDVELPHSNFTV,Phleum pratense,38;125,52;139,0.17341040462427745
K7AJK1,RSDEKLLSVFREGVVYGAGIGPGVYDIHSPRIPSKEEIADDFALFRGTRPPRRPKKRPRTLQRQIDSLCPGFCLADVTPETYRIEER,Phleum pratense,3;21;68,17;56;82,0.7586206896551724
K6Z745,QQVGGVTPKKGGTEHLGLPVFNSVAEAKAETKANASVIYVPPPFAAAAIMEALEAELDLVVCITEGIPQHDMVKVKAALNRQSKTRLIGPNCPGIIKPGECKIGIMPGYIHKPGRIGIVSRSGTLTYEAVFQTTAVGLGQSTCVGMGGDPFNGTNFVDCLEKFVADPQTEGIVLIGEIGGTAEEDAAAFIQASKTDKPVVAFIAGLTAPPGRRMGHAGAIVSGGKGTAQDKIKALREAGVTVVESPAKIGSTMFEIFKQRGMVE,Phleum pratense,196;231,210;245,0.11363636363636363
K7AFJ3,VGRVTQVDDRKAASAAVEEFIVKQNRPKTTRVTQVIQGYENHTFKSLFESWPVSSTGNASTEEGRGKVAALLKKKGDVKGASKNSTPVNEEVPPLLEGSGKLEVWCVDGSAKTALPKEDLGKFHSGDCYIVLYTYHSGEKREEFYLTYWIGKDSVLEDQHMALQIATTIWNSMKGRPVLGRIYQGKEPPQFIALFQPMVILKGGISSGYKKSIEENGLKDETYSGTGIALVHIHGTSIHNNKTLQVDAVSISLSSTDCFVLQSGNSMFTWIGNTSSYEQQQWAAKVAEFLKPGASVKHCKEGTESSAFWSALGGKQNYTSKNATQDVLREPHLYTFSFRNGKLEVTEVFNFSQDDLLTEDVMILDTHAEVFVWMGQCVDTKEKQTAFETGQKYVEHAVNFEGLSPDVPLYKVSEGNEPCFFRTYFSWDNTRSVIHGNSFQKKLSLLFGMRSESGSKGSGDGGPTQRASALAALSSAFNPSSQDKQSNDRPKSSGDGGPTQRASALAALSSSLNPSSKPKSPHSQSRSGQGSQRAAAVAALSNVLTAEGSTLSPRNDAEKTELAPSEFHTDQDAPGDEVPSEGERTEPDVSQEETANENGGETTFSYDRLISKSTDPVRGIDYKRRETYLSDSEFETVFGVTKEEFYQQPRWKQELQKRKADLF,Phleum pratense,240;326;349;437;537,254;340;363;451;551,0.11312217194570136
K6Z6L7,IDFYSTITRARFEEMNMDLFRKCMEPVEKCLRDAKMDKSTVHDVVLVGGSTRIPKVQQLLQDFFNGKELCKSINPDEAVAYGAAVQAAILSGEG,Phleum pratense,77,91,0.1595744680851064
K7AF26,LNWSFVRNDQPRFETCYQIALAIKKEVEDLEAGGIQVIQIDEAALREGLPLRKSEHAFYLDWAVHSFRITNCGVQDTTQIHTHMCYSNFNDIIHSIINMDADVITIENSRSDEKLLSVFREGVTYGAGIGPGVYDIHSPRIPTAEEIADRVNKMLAVLDTNILWVNPDCGLKTRKYAEVMPALTNMVTAAKLIRTQLASTK,Phleum pratense,55;89;151,69;103;165,0.22388059701492538
K6ZXQ5,IKEACGGTRFPETCASVLSANKDPRSTYADPVELAEMEVSAAFHLFSMAVTAARSQQWNDENMSKEDEDCFKECGVKLHKACEAFNP,Phleum pratense,33,47,0.1724137931034483
K7B0W9,KKVLEVYEARLTKFKYLAGDYLSLADLNHVSTTLCLGATPHASLFDAYPHVKAWWTDLLAKPSVQKVAALMKP,Phleum pratense,5,19,0.2054794520547945
K7B0J2,SMCSPGFSCDSAYQVTYIVRGSGRVQVVGPDGKRVLETRIEGGSLFIVPRFHVVSKIADASGMEWFSIITTPNPI,Phleum pratense,7;40,27;54,0.48
K6ZXS1,PFANPPQTSTMSAYCGKYKDELIKNAAYIGTPGKGILAADESTGTIGKRFASINVENVEDNRRALRELLFTTPGALQHISGVILFEETLYQSSKAGKPFVDILKENNVLPGIKVDKGTVELAGTDKETTTQGHDDLGKRCAKYYEAGARFAKWRAVLKIGPNEPSQLSIDQNAQGLARYAIICQENGLVPIVEPEILVDGP,Phleum pratense,46;76;144;175,60;90;158;189,0.29850746268656714
K7AKI3,YNVAIKCATITPDEDRVKEFNLKQMWRSPNGTIRNIINGTVFREPIICKNVPKLVPGWTKPICIGRHAFGDQYRATDAVLKGPGKLRLVFEGKDETVDLEVFNFTGAGGVALAMYNTDESIQGFAEASMAIAYEKKWPLYLSTKNTILKKYDGRFKDIFQAVYEADWKSKYEAAGIWYEHRLIDDMVAYALKSEGGYVWACKNYDGDVQSDFLAQGFGSLGLMTSVLMCPDGKTIEAEAAHGTVTRHFRVHQKGGETSTNSIASIFAWTRGLAHRAKLDDNARLLDFTQKLEDACVGTVESGKMTKDLALLVHGSSKVTRGDYLNTEEFIDAVAAELQSRLAAN,Phleum pratense,31,45,0.0436046511627907
K7B0Z9,IAIAFLSVSNNYEYILSDKLVVSTSCSLMHTAVDLVNETKLDSEIKSWLAFAAQKVVEVNALGKALVGLKDEAYFAANAAAQASRRSSPRVNNEEVQKAAAALKGSDHRRATTVSARLDAQQKKLNLPVLPTTTIGSFPQTMDLRRVRREYKAKKISEEAYVSAIKEEISKVVKIQEELDIDVLVHGEPER,Phleum pratense,1,15,0.07853403141361257
K6Z6W8,DGLPGTNCPVAPGTNFTYKWQPKDQIGSFFYFPSIGMQRTVGGYGLISVVSRLLIPVPFDPPADDLQVIIGDWYTKDHT,Phleum pratense,26;49,40;63,0.379746835443038
K7B068,SSAPWAAVVIQKFILSCSFIPGIQSYAKFSEMCRWDSGSTVGDFDGHSKRVLSCDFKPTRPFRIVTCGEDFLANYYEGPPFKFKHSIRDHSNFVNCIRYSPDGSKFITVSSDKRGLIYDGKTGDKIGELSSEDSHTGSIYAVSWSADSKQVLTVSADKTAKVWDIMEDASGKVNRTLVCTGIGGVDDMLVGCLWQNDHLVTVSLGGTFNVFSASNPDKEPVSFAGHLKTVSSLTYFPQSNPRTMLSTSYDGVIIRWIQGVGYGGRLIRKNNTQIKCFVAAEEELITSGYDNMVFRIPLNGDQCGDAESVDVGGQPNALNIAVQQPEFALITTDSAIVLLHKSTVTSTTKVSYTITSSAVSPDGTEAIVGAQDGKLRIYSISGDTLTEEAVLERHRGAITSIHYSPDVSMFASADANREAVAWDRATREIKLKNMLFHTARINCLAWSPDSRLVATGSIDTCAIIYDVDKPASSRITIKGAHLGGVHGLTFADNDTLVTAGEDACVRVWKLVVP,Phleum pratense,50;230;272;316;374;401;429,64;244;286;339;388;415;443,0.2222222222222222
K6ZXR5,PQEGVDHLRQVFGKQMGLSDQDIVALSGGHTLGRCHKERSGFEGPWTKNPLKFDNTYFTELLSGDKEGLIQLPSDKTLLTDPVFRPLVEKYAADEKAFFEDYKEAHLRLSELGYAEA,Phleum pratense,48;96,62;110,0.2564102564102564
K6ZY00,RLDQVQLLVKGASERGAKRIRLHILADGRDVLDGSSVGFVETLENDLAQLREKGVDAQVASGGGRMYVTMDRYENDWDVVKRGWDAQVLGEAPYKFKSALEAVKTLRAEPKANDQYLPAFVIVDESGKSVGPIVDGDAVVTFNFRADRMVMLAKALEFADFDKFDRVRVPKIKYAGMLQYDGELKLPNKFLVSPPLIERTSGEYLVKNGVRTFACSETVKFGHVTFFWNGNRSGYFDETKEEYIEIPSDSGITFNEQPKMKALEIAEKTRDAILSGKFDQVRINLPN,Phleum pratense,36;89;115,50;109;129,0.17770034843205576
K7AFA4,QQWNDENMSKEDEDCFKECGVKLHKACEAFDPYYGKISLSKVRSFLTEAKAKHIEWNCDVCRHGDDKKKV,Phleum pratense,36,50,0.21428571428571427
K6Z7L7,DVELVAVNDPFITTDYMTYMFKYDTVHGQWKHHDVKVKDAKTLLFGEKEVAVFGCRNPEEIPWGAAGADYVVESTGVFTDKDKAAAHIKGGAKKVIISAPSKDAPMFVCGVNEKEYTSDITIVSNASCTTNCLAPLAKVINDRFGIVEGLMTTVHAMTATQKTVDGPSSKDWRGGRAASFNIIPSSTGAAKAVGKVLPVLNGKLTGMAFRVPTVDVSVVDLTVRLEKAATYEQIKAAIKEESEGNLKGILGYVDEDLVSTDFQGDSRSSIFDAKAGIALNDNFVKL,Phleum pratense,138,152,0.05244755244755245
K6Z779,DYLGKGVLKAVDNVNSIIGPALLGKDPTEQTELDNFMVHQLDGTKNEWGWCKQKLGANAILAVSLAVCKAGALVKKIPLYQHIANLAGNKQLVLPVPAFNVINGGSHAGNKLAMQEFMILPTGASSFKEAMKMGVEVYHNLKSVIKKKYGQDATNVGDEGGFAPNIQENKEGLELLKTAIEKAGYTGKVVIGMDVAASEFYGEKDQTYDLNFKEENNDGSQKISGDSLKNVYKSFVSEYPIVSIEDPFDQDDWVHYAKMTEEIGEQVQIVGDDLLVTNPTRVAKAIAEKSCNALLLKVNQIGSVTESIEAVKMSKRAGWGVMTSHRSGETEDTFIADLAVGLSTGQIKTGAPCRSERLAKYNQLLRIEEELGAAAVYAGLKFRAPVEPY,Phleum pratense,371,385,0.038560411311053984
K7AK25,YLFAGVVDGRNIWADDLAASLSTLESLEAIVGKDKLVVSTSCSLMHTAVDLVNETKLDSEIKSWLAFAAQKVVEVNALGKALVGLKDEAYFAANAAAQASRRSSPRVNNEEVQKAAAALKGSDHRRATTVSARLDAQQKKLNLPVLPTTTIGSFPQTMDLRRVRREYKAKKISEEAYVSAIKEEISKVVKIQEELDIDVLVHGEPERNDMVEYFGEQLSGFAFTANGWVQSYGSRCVKPPIIYGDVSRPNPMTVFWSKMAQSMTPRPM,Phleum pratense,11;40;85;218;250,25;69;99;232;264,0.3358208955223881
K6Z6H2,LLGQVDTEQLGETAEPEVKVVDLTILSPDRPDLVLPIPFVADEKGYAFALKDGSTYSFRFSFIVSNNIVSGLKYTNTVWKTGVRVENQKMMLGT,Phleum pratense,50,64,0.1595744680851064
K7B0S9,QYTAALSPILFECLIHPMLGGATNQKVVEDNLVKLKNVLNVYEARLTKSKYLAGDYLSLADLNHVSTTLCLGATPHASLFDAYPHVKAWWTDLLAKPSVQKVAALMKP,Phleum pratense,6,20,0.1388888888888889
K7AFK3,SQLSIDQNAQGLARYAIICQENGLVPIVEPEILVDGPHDIERCAYVTEVVLAACYKALNDQHVLLEGSLLKPNMVTPGSDAKKVAPEVIAEYTVRTLQRTVPPAVPAIVFLSGGQSEEEATVNLNAMNKLQTKKPWFLSFSFGRALQQSTLKAWSGKEENVEKAQKAFLVRCKANSEATLGTYKGDATLGEGASESLHVKDY,Phleum pratense,59,81,0.11386138613861387
K6Z6L1,AFPHPIGAMAAKCYPTVSDEYLAAVAKARRKLRGLIAEKNCAPLMLRIAWHSAGTFDVATKTGGPFGTMRCPAELAHGANAGLDIAVRLLEPIKEQVPILSYADFYQLAGVVAVEITGGPEGPFHPGRQDKTEPPPEGRLPDATLGSDHLRQVFTAQMGLSDQDIVALSGGHTLGRCHKERSGFEGAWTANPLIFDNSYFTELLTGEKEGLLQLPTDKTLLTDPAFRPLVDKYAADEDAFFADYAEAHLKLSELGFGEATEGCC,Phleum pratense,16,30,0.056818181818181816
K6Z6I0,REMAGGGVEDVYGEDRATEEQFVTPWSFSVASGHSLLRDPRHNKGLAFSEAERDAHYLRGLLPPAIVSQEHQEKKIMHNLRQYTVPLQRYIAMMDLQERNERLFYKLLIDNVEELLPVVYTPVVGEACQKYGSIYRRPQGLYISLKDKGKVLEVLKNWPERSIQVIVVTDGERILGLGDLGCQGMGIPVGKLSLYTALGGVRPSACLPITIDVGTNNQTLLDDEYYIGLKQRRATGEEYHELLQEFMNAVKQNYGEKVLVQFEDFANHNAFDLLAKYSKSHLVFNDDIQGTASVVLAGLLAALKVIGGGLADQTYLFLGAGEAGTGIAELIALEMSKHTDLPLDDCRKKIWLV,Phleum pratense,283,297,0.042492917847025496
K6Z6R1,YPLFCRFKDIFQAVYEADWKSKYEAAGIWYEHRLIDDMVAYALKSEGGYVWACKNYDGDVQSDFLAQGFGSLGLMTSVLMCPD,Phleum pratense,29;60,43;74,0.3614457831325301
K7AJJ4,WSEIQTLKPNLIGPFAAAGMDRNPVAKNAGKFMTLAGFLDYAKASNISGILIGIEHAAYLATRGLDVVDAVSNALIKSGYDKETKQQVFIQSEDPPVLSAFKKFPKFNRVFEIEFDIRDVSKPSVVEIKEFANAVKLRRSSAAQVDGFYLTGFNAVVERLRDADIQVHVGVLKNEFMSLAFDYWADPMVEIATDTWSVLADGLVTEFPSTAAAYFRSPCSDIKRNMSYTIKPGEPGALVDMAAYGALPPAPP,Phleum pratense,1,15,0.05952380952380952
K7AET4,AHAANAGLGMLEPIKEEIPTISYSDLYQLAGVVAVEVSGGPVIPFHPGREDKPQPPPEGRLPDATKGSDHLRQVFGKQMGLSDQDIVALSGGHTLGRCHKERSGFEGPWTKNPLKFDNTYFTELLSGDKEGLIQLPSDKTLLTDPVFRPLVEKYAADEKAFFEDYKEAHLRLSELGYAEA,Phleum pratense,23,37,0.08333333333333333
Q9SEW4,RGRDDDDEENPRDPREQYRQCQEYCRRQGQGQRQQQQCQIRCEERLEEDQRSQEERERRRGRDVDDQNPRDPEQRYEQCQQQCERQRRGQEQTLCRRRCEQRRQQEERERQRGRDRQDPQQQYHRCQRRCQIQEQSPERQRQCQQRCERQYKEQQGRERGPEASPRRESRGREEEQQRHNPYYFHSQSIRSRHESEEGEVKYLERFTERTELLRGIENYRVVILDANPNTSMLPHHKDAESVAVVTRGRATLTLVSQETRESFNLECGDVIRVPAGATVYVINQDSNERLEMVKLLQPVNNPGQFREYYAAGAKSPDQSYLRVFSNDILVAALNTPRDRLERFFDQQEQREGVIIRASQEKLRALSQHAMSAGQRPWGRRSSGGPISLKSESPSYSNQFGQFFEACPEEHRQLQEMDVLVNYAEIKRGAMMVPHYNSKATVVVYVVEGTGRYEMACPHVSSQSYEGQGRREQEEEESTGRFQKVTARLARGDIFVIPAGHPIAITASQNENLRLLGFDINGENNQRDFLAGQNNIINQLEREAKELSFNMPREEIEEIFESQMESYFVPTERQSRRGQGRDHPLASILDFAFF,Juglans regia,175;206;302;382;414;470;542,193;265;345;401;457;505;577,0.43676222596964587
Q9DBJ1,MAAYKLVLIRHGESAWNLENRFSGWYDADLSPAGHEEAKRGGQALRDAGYEFDICFTSVQKRAIRTLWTVLDAIDQMWLPVVRTWRLNERHYGGLTGLNKAETAAKHGEAQVKIWRRSYDVPPPPMEPDHPFYSNISKDRRYADLTEDQLPSCESLKDTIARALPFWNEEIVPQIKEGKRVLIAAHGNSLRGIVKHLEGLSEEAIMELNLPTGIPIVYELDKNLKPIKPMQFLGDEETVRKAMEAVAAQGKVKK,Mus musculus,1;51,15;70,0.1377952755905512
P43175,MNNEKNVSFEFIGSTNEVDEIKVMACYAAGSICGEKRGYCSSDPGRYCPWQVVCYESRKICAKNAAKMRMNVTKNTI,Ambrosia psilostachya,25,70,0.5974025974025974
Q2KN26,MAEDEDKAERDRIFGAFDANKDGKISSNELGEALKNLGSVSPEEVQTMMEELDTDGDGFISYEEFTDFYNANRGLMKDVGKIF,Ambrosia artemisiifolia,58,83,0.3132530120481928
A0A140KPR8,FSNMDIKGKNALVTGAATGIGLEYVKQLLENGAQHVAVCDLDVRKGENAVKELVEKYGKGKAIFIKCDVTNIPEFEDAFKKAYNAFKSLDIVINNAGILNDEKWELQIAINVNGVVRGTLLGLEYMGKDKGGKGGVIVNIASILGLQNMAGCPVYVGTKHAVVGISRSFGMPFHFDRTGVRVLTMCPGVTDTPLISEAHHRQPGEWGEECGRELDSLPKQPPENVAKGMMHMIKKGANGSVWVCEGNKPVYEVAIPDRLTLRVE,Blattella germanica,13;81;111;226;250,27;95;125;240;264,0.2840909090909091
A0A140KPR7,SSLEVFFQQQRILLRLHRCFQVLGRWGGDVAFVKHLTALENTDGHNTAAWASGLKSEDYELLCPDGGRAPVTEYLRCHLAQVPPHMVVTSNDKTENQLNEIRHAILAAGDLYSRRPDLFKLFGDFDGTKDLLFKNSATGLLSV,Blattella germanica,11;101;126,25;115;140,0.3146853146853147
A0A140KPR6,VHQVRLREYIDGPTPEPLSNYLDAQYYGPISLGTPPQKFKVVFDTGSSNLWVPSKKCHLTNIACLLHNKYDSTKSSTYEQNGTSFAIQYGSGSLSGFLSTDVLDIGGLKVQKQTFAEAMSEPGLAFVAAKFDGILGMAYSTISVDGVTPVFYNMVKQGLVSQPIFSFYLSRDPGAAEGGELILGGSDPNHYKGDFTYLSVDRKMYWQFKMDKIQIGNGSFCADGCEAIADTGTSLIAGPVSEVTALNRQIGGTPIVGGEYMVDCNLIPKLPEIDFILGGKKFTLEGKDYILRVSQLGHTVCLSGFMGIDLPKGPLWILGDVFIGKFYTEFDMENNRVGFAEAV,Blattella germanica,18;58;123;172;226;286,52;82;137;215;245;300,0.4489795918367347
Q09KA1,MSETLQLRGTLRGHNGWVTQIATNPKYPDMILSCSRDKTLIVWKLTRDETNYGVPQKRLYGHSHFVSDVVLSSDGNYALSGSWDKTLRLWDLAAGRTTRRFEDHTKDVLSVAFSVDNRQIVSGSRDKTIKLWNTLAECKYTIQDDGHSDWVSCVRFSPNHSNPIIVSAGWDKVVKVWNLTNCKLKINHIGHTGYLNTVTVSPDGSLCASGGKDCKAMLWDLNDGKHLHTLDHNDIITALCFSPNRYWLCAAFGPSIKIWDLESKDMVEELRPEVVSQTSKAEPPQCLSLAWSTDGQTLFAGYFDNTIRVWQVSVFAR,Blattella germanica,61;151;246;296,75;165;260;317,0.2113564668769716
Q09KA2,MGRKFWVGGNWKMNGDKKGIEEIVKFLAAGPLDPNVEVVVGIPAIYLESTKNILPSNVAAAAQNCYKVPKGAFTGEISPAMLNDIGINWVILGHSERRNVFGEKDDLISDKVVHALESGLNVVACIGEKLEEREGGKTEEVVFQQTKAIADKIKDWSKVVIAYEPVWAIGTGKTATPEQAQDVHKKLREWLSKNVSEQVAQDTRIVYGGSVTGANCNELAREADIDGFLVGGASLKPEFVQIINAKN,Blattella germanica,101;156;181,115;170;195,0.18218623481781376
A0A140KPR3,AGQTREHKEALTRENKKLGDDLHDARNQLADLNRRFHELEIELRRLENEREELTAAYKEAEAGRKAEEQRAQRLSAELGNFRHEAERRLAEKDEEIESIRKQTAIEIEQLNARVVEAETKLKTEVTRIKKKLQIQITELEMSLDVANKNNIELQKTIKKQSLTLTEIQAHYDEVQRQLQVTLDQYGIAQRKLQSVTAELEEIRGNYEGALRAKRTAEQQYEETISRVNELTTINVNLASAKSKVEQELSTLAGDYDEVTRELRAADERYQRVQVELKHTVEILHEEQERIVKIEAIKKSLEIEVKNLSVRLEEVEANAIVGGKRIISKLEARVRDLELELDEEKRRHAETIKILRKKERQVKEVMIQSEEDQKNVSLLQENLDKLVQRVNIYKRQLQEQEGMSQQSVTRVRRFQRELEAAEDRADTAESNLSLIRAKHRTFVTTSTVPGSQVYLVQETHRTTTTSEGI,Blattella germanica,250,264,0.03205128205128205
A0A140KPS3,TREGERPMTKDNHLLGKFDLTGIPPAPRGVPQIEVTFEIDANGILQVSAEDKGTGNREKIVITNDQNRLTPDDIERMIKDAEKFADDDKKLKERVEARNELESYAYSLKNQLADKEKLGAKVSDSDKTKMEEAIDEKIKWLEENQDVDTEEYKTQKKELEDIVQPIIAKLYQGAGGAPPPSNSDDDDELKDEL,Blattella germanica,,,0.0
A0A6P6Y625,MMKFVLIVFFCTISIVYGIEQVHIALGSNETEIIVTWTEPHKHDDKTSDAVVYYGQAKSSFDQKVKAISEYFKDDKTKYTTYRALLTGLLPGTEYHYRIQMDDLESSIFEFKTLKTGEENWLPRFAIYGDLGYVNEQSLPYLKKDVEQNLFDVIFHIGDFAYDLNDEHGKVGHHFMRSIEPVASKVAYMTCPGNHERHDNFSHYDSRFSMIGDRSQPIHSDKLNKRLNNHFHSMTIGPATIILFSTEYYYYTKYGWQQIEHQYRWLEQELKRANENRQKHPWIIVMGHRPLYCLKMGDKSCDHQTMERKEIRQGIRMHDEGERQYGLEDLFFKYGVDIQFYGHEHFYARLFPIYKYKMYNGTKSKNPYDHPGAPIHITTGSAGNKELHPEFNHLNDWVAEHFYDYGYTRLMFEDKYRIRLQQISDDQHGKVLDEIEIVKSSPQPHWMNVEHH,Dermatophagoides pteronyssinus,9;49;129;174;204;229;279;324;389,28;63;143;188;218;253;293;368;423,0.4424778761061947
A0A6P6XVU4,MFVCVPKRLLSQLNAFNHSLRALSTSPKINSKVTVLGASGGIGQPLSLLMKQNSLVSELALYDIAHTPGVAADLSHINTKARVAGFVGPDQLADALKGAAVVVIPAGVPRKPGMTRDDLFNTNASIVRDLCEAAARNCPTAFIAIISNPVNSTVPIASEVFKKHGVYDPNRIFGVTTLDVVRANTFVAEAKGLDPSTVNIPVIGGHAGITIIPLLSRAEPSVSFSDDKVDALTKRIQDAGTEVVKAKAGTGSATLSMAMAGARFAISLLRALNGEQVVECSYVKSDVVPDLSYFSTPLQLGKNGLVKNLGIGKVNKYEEEMIQKAIPELKASIKKGEDFVGSS,Dermatophagoides pteronyssinus,136,155,0.05830903790087463
A0A6P6YMC1,MLKTQLLIGFVMIVMAQAIDPIRLEHEWASFKKNYNRTYRSSEEEQFRKQIFADKLDFIEQHNQLYYQKKSSFLLGVNQFADKSVSEFRRMNGLIASKGMQNAPKIYTDNDVESLPAEVDWTKKGVVAPIKNQGNCGSCWAFSAVGSMESAHALATGHLVELSEQELVDCSGSQGDNGCEGGWMDNGFKFVIQNHGIDTEKSYPYAGIDELCESKDQGKVVGATIRSYVDVKKYDEHALQSACAKVGPISVAIDASSNYFMMYKSGVYDHNDCSQDWLDHGVVVVGYGTSSDGKEYWKVRNSWGTTWGMDGYILMSRNKNNQCGIASQASYPIV,Dermatophagoides pteronyssinus,10;35;85;139;185;250;305,24;59;99;153;199;269;324,0.37425149700598803
A0A6P6YD31,MFLKFGIIFAITISMVSARPEPENLDFLSDEYIDYLNSLKTTWKAGRNFDRNTPIEKIRGQMGAIIDVPEEIASRIPVVKNDHISNEHIPEVFDARNKWPNCKSIQQIRDQGSCGSCWAFGAVEAISDRICIASGQKKQVEISGEDLLSCCHNCGYGCSGGYPAMAWEYWVQNGIVTGGLYQDKNTCRPYSIEPCEHHVEHGNRPKCGSTVQTPRCVQQCQTGYNQSYEQDRYFGQSAYHVHSNVQDIQKEILTNGPVEATFLVYADFLSYKSGVYQRTSNSMVSGHAIKILGWGVENGTPYWLCANSWNTDWGENGFFRVLRGQNEVSIESQIYAGLPKDSYFDSTIIDTIMIKYNFLILLLLAIKFISTIDIIDNVLHIDYTSDKFIDHLNHLNSTWKAGRNFDQEIMAKKFKNLKVVDEENVDEENQQPKLHNKRQILIPDDYIPDYFDARQKWPLCRTISLIPNQGQYCSSCWAVGVVQAINDRICIGSNQRINVEISAQDLLTCCKECTKNGEGCQGGYPSRGWKYWITNGLVTGGQHGDLTTCQPFNIPPMNLATFTPYLQLSHIIQTPVCQQQCVNGKNYAQDKYYGLHYYKVPNDERSIRREIFHHGPVEANYRVYPDFHHYKTGIYQHLLGTQSEGHSIKIIGWGTENGIPYWLCANSWTKLWGNLGGFFKIIRGQNHCGIENQVYGGWPRL,Dermatophagoides pteronyssinus,231;261,245;295,0.07132667617689016
A0A6P6Y1G3,MAIEGKYEMESSEHFEEFVKEMGLEVDMTNIDLSKTSTMEISKDGDSYLIKSNTAGIIHEIKFKLDDEFDDDMNGHKFKNIVKMDGDNKMVQTKTSIDGGKVVNVLREFTDNGCTVKSTYNNVTWTRVYKRV,Dermatophagoides pteronyssinus,46,60,0.11363636363636363
A0A6P6YDD5,MIAKYILILCAFTIGTSMANWQMVWQDEFNGGHLDQNHWEFETGGGGWGNNELEFYTANRSQNVRVENGHLVIDVRVESYGGRDFTSGRIHSKQAWAYGKFEARARLPSGHHLWPAIWMFPRDSKYGPWAASGEIDIMEYRGDVHDKIEGTIHYGGQWPNNIYTGSGPHHFNVDFSKDFHNFAVEWDTKEIRWYMDGNKYFSVNIDRNMWSGKGNNPYNKNGQPFDQPFRWILNVAVGGNFFGPGPYVTPDQARHWQKHTMEIDYVRVFLLFSTLVLLAGTTQAEWRLVWQDEFNGNHVDLSQWGFEVGGNGWGNNELEFYTYNRTENARIENGNLVIDVHVEDYRERQFTSARMHTKQAWKYGRFEIRARMPNGHNLWPAIWMMPLESIYGIWAASGEVDIAEFRGDILDKIEGTAHYGGTWPNNIYSGSGPRSFNVNFSQDFHTFALEWDHKQLRWYMDNQQYFSFDIDRMLWSGKGANPYTKNGQPFDQPFYLMLNVAVGGNFFGPGPYVTPDQARQWPKHTFEIDYVRVYQQ,Dermatophagoides pteronyssinus,87;157;187,101;181;206,0.11194029850746269
B2GM84,MKFIIFCAIVMAVSVSGFIVDVDTEDKWRNAFDHMLMEEFEEKMDQIEHGLLMLSEQYKELEKTKSKELKEQILRELTIAENYLRGALKFMQQEAKRTDLNMFERYNFETAVSTIEILVKDLAELAKKVKAVKSDD,Dermatophagoides farinae,71,115,0.33088235294117646
Q94507,VTALELLLKGETEDKTRRYVAELTAVGSPSNKQAKAQIEVTKGEEYKITLKSPEHEFNTEFTIHADKNNLKMHMDFPNVFQADLTGTFQHDKENNVRKNQLNLQYKFAGDEKPHTVDYENEFSFNLKRSSKDKNSGVDYRAKYMSSHFPILNHKVNIQFKYRPFKVNELNLEGEFGRELQHKFQLMRNSQIEVEEVRPFKMHGNSDIKLMANDLDIDYDLKSEFKYESNKGTPIELQYKISGKDRSKRAADLGAEDVEGVIDYKNNGSPIDSKMHAHLKMKGNNYGYDSELKQTQPQQYEGKITLSKNDKKIFINHKSEMTKPTNTFHLKTDADVSYSDSDMKKHYQME,Dermatophagoides farinae,125,139,0.04297994269340974
A0A482J3M1,MVNFTVDEIRVLMNKKRNIRNMSVIAHVDHGKSTLTDSLVSKAGIIAAAKAGEMRFTDTRKDEQERCITIKSTAISMYFEMREQDMVFITSADQKESDEKGFLINLIDSPGHVDFSSEVTAALRVTDGALVVVDCVSGVCVQTETVLRQAIAERIKPVLFMNKMDLAMLTLQLEQEDLYQKFTRIVENVNVIISTYADENGPMGDIRVDPSKGSVGFGSGLHGWAFSLKQFAELYSEKFKIDVDKLMNRLWGENFYNPTAKKWSKRFDEGYKRAFCMFVLDPIFKVFDAIMNFKKEETAKLLEKLNIVLKGEDKEKDGKNLLKVVMRTWLPAGDSLLQMIAIHLPSPITAQKYRMELLYEGPHDDEAAVAIKSCNPEGPLMMYISKMVPTSDKGRFYAFGRVFSGIVASGQKVRIMGPNYVHGKKEDLVEKAIQRTVLMMGRYVESIENVPCGNICGLVGVDQFLVKTGTISTFKDAHNMKVMKFSVSPVVRVAVEPKNPADLPKLVEGLKRLAKSDPMVQCIIEESGEHIVAGAGELHLEICLKDLEEDHAQIPIKTSDPVVSYRETVSEESEIMCLSKSPNKHNRLFMKACPLQDGIAEDIDKGDINPRDDFKVRARFLADKYNWDATDARKIWAFGPEGTGPNLLVDVTKGVQYLNEIKDSVVAGFQWATKESVLCEENMRGVRFNIHDVTLHADAIHRGGGQIIPTARRCLYACLLTAQPRLLEPVYLVEIQCPEQAVGGIYGVLNRRRGHVFEESQVVGTPMFTVKAYLPVNESFGFTADLRSNTGGQAFPQCVFDHWQILPGDPLDGKSRPYQIVMDTRKRKGLKDSLPELDNYFDKL,Dermatophagoides farinae,146;226;271,170;250;285,0.07701421800947868
A0A6P6YF71,MSISAHGGGLVNGIAGMENKFTVFTSGKPVSGLTVAFEGPTKPEINFNSTKDGSVDVGYIPKAGGQYKIHIKYEGKEIVGSPFKCNISGDESTHRKLTEKVKVGGPNISTGKVNQDNQLTIDCKEAGITGGISFAMEGPAKVEVSFRNNNDGTITVIYKPPTPGDYKLHLKFNDIHLPGSPYPIVVSA,Dermatophagoides pteronyssinus,19;129;154,33;143;178,0.2925531914893617
A0A9D4NRV5,MVKAVVVLKGEPNVTGTIFFEQQDNGPVKVNGTVQGLKSGLHGFHVHEFGDNTNGCTSAGAHYNPFNKTHGAPADEERHVGDLGNVEANDAGIANVAIEDSLISLTGERSIVGRSLVVHADPDDLGRGGHELSKTTGNAGGRLACGVIGVTK,Dermatophagoides farinae,3;98,17;117,0.23026315789473684
A5X5X4,MNRFLIVCMALFCLAAAVQADETNVQYKDCGHNEIKSFFVTGGNPNQKSCVIHKHSKNQLRISFVANENTGNKINTRFICNLGGIELGWPGIDGTDACQGHGLSCPLTKGQTYNYHLDFNLGDDVPTANVTATVRLENGHGGDLLCGRMHISLQN,Dermatophagoides farinae,58,87,0.1935483870967742
Q86R84,MTRFSLTVLAVLAACFGSNIRPNVATLEPKTVCYYESWVHWRQGEGKMDPEDIDTSLCTHIVYSYFGIDAATHEIKLLDEYLMKDLHDMEHFTQHKGNAKAMIAVGGSTMSDQFSKTAAVEHYRETFVVSTVDLMTRYGFDGVMIDWSGMQAKDSDNFIKLLDKFDEKFAHTSFVMGVTLPATIASYDNYNIPAISNYVDFMNVLSLDYTGSWAHTVGHASPFPEQLKTLEAYHKRGAPRHKMVMAVPFYARTWILEKMNKQDIGDKASGPGPRGQFTQTDGFLSYNELCVQIQAETNAFTITRDHDNTAIYAVYVHSNHAEWISFEDRHTLGEKAKNITQQGYAGMSVYTLSNEDVHGVCGDKNPLLHAIQSNYYHGVVTEPTVVTLPPVTHTTEHVTDIPGVFHCHEEGFFRDKTYCATYYECKKGDFGLEKTVHHCANHLQAFDEVSRTCIDHTKIPGC,Dermatophagoides farinae,426,440,0.032467532467532464
A0A6P6Y415,MQLFVKGLSGLLVVNVNPSDTVGKLKSLIEISEGVEYHKQRLIYGGQPLEDLETIESYGIENESTIHITFGGLLGGAKKRKKKNYTTPKKNKHKKKKVKLAVLKFYKVDDNGKITRLRRECENKECGAGVFMANHVDRHYCGRCGLTLVYNKPEDK,Dermatophagoides pteronyssinus,94,108,0.09615384615384616
A0A922LAY9,IYLVVNRRTIVKKNYQAIQVSNRIDAIIKPLVFKRNFTIQNSHLFLCCRQILNIRPIIQLNNNQKFAIHTTTSSLIMQKNKATLIGVFENSNNKDAFVFTPSAEKVNSSIGGIIEKQLNIVGPVKKCKVRILYDVSPELPIVGVVGLGPENAAYNELEELDEKAENIRSAIATGVRSLRDLGSVEEINVDGCLNPKAASEGANLGLYYFDELKAAALKKSQVKLHLLSNEISDESQWDSGVLLSNGQNLCRNLMENPANIMTPTKFAKIASDTLSKLGVTVHVRDKAWAESMKMGSFLSVAKGSDEPPIFLEVMNVHYNNAPDTKPLVFVGKGITFDSGGISLKSSSNMDKMRADMGGAANVLSTIYTLASKKSPVNIIGLMPLCENLPSGRANKPGDVVTAMNGKTIQVDNTDAEGRLILADGLCYAHQFKPFLIMDIATLTGAISVALGSSATGVFSTSNKYWTMLQKCGVETGDRMWRMPLFNHFTKQTTDSQLADLCNIGKYAGQGGSCIAAAFLREFVTCNSWVHFDIAGVMDNKDEVAYLSKGMSGRPLRTLVKFIEEIFENKAF,Dermatophagoides farinae,42;127,56;146,0.06129597197898424
Q1M0X9,MLRYLVLASLIACSLSAVPKAKRPRLDGRIVGGRPADIADYPYQLSFEYYGSHMCGASIISPNWVVTAAHCVDGVSASSATFRAGGSIRESGGSVHQATQLIANPNYDYYTIDFDVAVARVSPAFSYGTGVQPIPLASSEPSAGQIATVSGWGTTSEGGSTLPSQLQVVSVPIVSRSECNQAYSDYGGITDDMICAAEQQGGKDACQGDSGGPLVVNGQLAGIVSWGVGCAEQGYPGVYSNVASLKGFITEQTGVN,Periplaneta americana,4;214;240,14;219;250,0.109375
Q8L5L5,MGPPTKFSFSLFLVSVLVLCLGFALAKIDPELKQCKHQCKVQRQYDEQQKEQCVKECEKYYKEKKGREREHEEEEEEWGTGGVDEPSTHEPAEKHLSQCMRQCERQEGGQQKQLCRFRCQERYKKERGQHNYKREDDEDEDEDEAEEEDENPYVFEDEDFTTKVKTEQGKVVLLPKFTQKSKLLHALEKYRLAVLVANPQAFVVPSHMDADSIFFVSWGRGTITKILENKRESINVRQGDIVSISSGTPFYIANNDENEKLYLVQFLRPVNLPGHFEVFHGPGGENPESFYRAFSWEILEAALKTSKDTLEKLFEKQDQGTIMKASKEQIRAMSRRGEGPKIWPFTEESTGSFKLFKKDPSQSNKYGQLFEAERIDYPPLEKLDMVVSYANITKGGMSVPFYNSRATKIAIVVSGEGCVEIACPHLSSSKSSHPSYKKLRARIRKDTVFIVPAGHPFATVASGNENLEIVCFEVNAEGNIRYTLAGKKNIIKVMEKEAKELAFKMEGEEVDKVFGKQDEEFFFQGPEWRKEKEGRADE,Anacardium occidentale,281;385;433;513,300;404;452;532,0.14869888475836432
P28825,MLWIQPACLLSLIFSAHIAAVSIKHLLNGSDHDTDVGEQKDIFEINLAAGLNLFQGDILLPRTRNAMRDPSSRWKLPIPYILADNLELNAKGAILHAFEMFRLKSCVDFKPYEGESSYIIFQKLSGCWSMIGDQQVGQNISIGEGCDFKATIEHEILHALGFFHEQSRTDRDDYVNIWWDQIITDYEHNFNTYDDNTITDLNTPYDYESLMHYGPFSFNKNESIPTITTKIPEFNTIIGQLPDFSAIDLIRLNRMYNCTATHTLLDHCDFEKTNVCGMIQGTRDDADWAHGDSSQPEQVDHTLVGQCKGAGYFMFFNTSLGARGEAALLESRILYPKRKQQCLQFFYKMTGSPADRFEVWVRRDDNAGKVRQLAKIQTFQGDSDHNWKIAHVTLNEEKKFRYVFLGTKGDPGNSSGGIYLDDITLTETPCPAGVWTIRNISQILENTVKGDKLVSPRFYNSEGYGVGVTLYPNGRITSNSGFLGLTFHLYSGDNDAILEWPVENRQAIMTILDQEADTRNRMSLTLMFTTSKNQTSSAINGSVIWDRPSKVGVYDKDCDCFRSLDWGWGQAISHQLLKRRNFLKGDSLIIFVDFKDLTHLNRTEVPASARSTMPRGLLLQGQESPALGESSRKAMLEESLPSSLGQRHPSRQKRSVENTGPMEDHNWPQYFRDPCDPNPCQNEGTCVNVKGMASCRCVSGHAFFYAGERCQAMHVHGSLLGLLIGCIAGLIFLTFVTFSTTNGKLRQ,Mus musculus,83;490;512,99;508;526,0.06827309236947791
P01887,MARSVTLVFLVLVSLTGLYAIQKTPQIQVYSRHPPENGKPNILNCYVTQFHPPHIEIQMLKNGKKIPKVEMSDMSFSKDWSFYILAHTEFTPTETDTYACRVKHASMAEPKTVYWDRDM,Mus musculus,86,98,0.1092436974789916
P82615,MLKVSCLFVLLCGLLVPSSAQQIPPEVSSQITDALTQGLLDGNFLSLLNAINLEGLLNTILDQVTGLLNILVGPLLGPSDAEIKLQDTRLLQLSLEFSPDSKGIDIWIPLELSVYLKLLILEPLTLYVRTDIRVQLRLESDEDGKYRLAFGHCSLLPRAIELQSGNPLSLPVNAVLGTIENALGNFITEDLGAGLCPTLNSLVSNLDLQLVNNLINLILDRANVDLSV,Equus caballus,50;111;199,78;137;213,0.31140350877192985
P51437,MQFQRDVPSLWLWRSLSLLLLLGLGFSQTPSYRDAVLRAVDDFNQQSLDTNLYRLLDLDPEPQGDEDPDTPKSVRFRVKETVCGKAERQLPEQCAFKEQGVVKQCMGAVTLNPAADSFDISCNEPGAQPFRFKKISRLAGLLRKGGEKIGEKLKKIGQKIKNFFQKLVPQPE,Mus musculus,36,49,0.08139534883720931
O09043,MSPLLLLLLCLLLGNLEPEEAKLIRVPLQRIHLGHRILNPLNGWEQLAELSRTSTSGGNPSFVPLSKFMNTQYFGTIGLGTPPQNFTVVFDTGSSNLWVPSTRCHFFSLACWFHHRFNPKASSSFRPNGTKFAIQYGTGRLSGILSQDNLTIGGIHDAFVTFGEALWEPSLIFALAHFDGILGLGFPTLAVGGVQPPLDAMVEQGLLEKPVFSFYLNRDSEGSDGGELVLGGSDPAHYVPPLTFIPVTIPAYWQVHMESVKVGTGLSLCAQGCSAILDTGTSLITGPSEEIRALNKAIGGYPFLNGQYFIQCSKTPTLPPVSFHLGGVWFNLTGQDYVIKILQSDVGLCLLGFQALDIPKPAGPLWILGDVFLGPYVAVFDRGDKNVGPRVGLARAQSRSTDRAERRTTQAQFFKRRPG,Mus musculus,190,213,0.057279236276849645
P01837,RADAAPTVSIFPPSSEQLTSGGASVVCFLNNFYPKDINVKWKIDGSERQNGVLNSWTDQDSKDSTYSMSSTLTLTKDEYERHNSYTCEATHKTSTSPIVKSFNRNEC,Mus musculus,1,15,0.14018691588785046
A2AJD1,MWVLQALAIMLSIQAGTLDLVETPPVVGNLPVAVPAPLNLPVGGLSPPVLKGPVNHQMLPPKRPVPPPKGAKCAPAARYFLSSDKLHDYLMSTLPPQIEDMVKCDEVNLEGMLADVLNTVESSDLLSLLDGISLLKGGEGGGLGIGGLLGNEGNGDSSKPSSGSKATGGLGQLIPGGIPGTEALGGLLNLGGDKSSGKGLLNGDGLSKIKKPLEDAVENVSGIKDAIQEKVNEVVPDGIKEPLNDVLKMDIKDTLLELKVGQVTLDDMEINMEANGMQVLSMLTATIDGKGVLGPVISLLQFEAKMDVMTTIAVASNNTQCVNLDAQDTHMHVKEMKIQLVETVTGKVPLPVPLPLDQIIPAIVTAKINENLEKSNSCAIVLNDFNNCKNNTGLFSYQVNTARISPKGLVILYCAKANIGNKTVPVPGGRLPPDPKNASIAVTISSTTLKTLVKEVAKNSSVQMDGLEAQITHIAFASQENNTLRVVYKVDITKNGEHFATGETKLFISHGSKISNSTLIPDVKLIRSEHSVVPPEAKEEVEGILSEVGKAAWSNFNGTYKKMNIPEGVSSHTLKNSDVKLMKSIDLQAAS,Mus musculus,19,33,0.025380710659898477
A8DUK4,MVHLTDAEKAAVSGLWGKVNADEVGGEALGRLLVVYPWTQRYFDSFGDLSSASAIMGNAKVKAHGKKVITAFNDGLNHLDSLKGTFASLSELHCDKLHVDPENFRLLGNMIVIVLGHHLGKDFTPAAQAAFQKVVAGVAAALAHKYH,Mus musculus,2;43;73;116,33;59;86;130,0.5306122448979592
A2BHR0,MKSLLLTILLLGLVAVLKAQEAPPDDLEDFSGIWYTQAMVSDRNHTDGKRPMKVFPMTVIALEGGSLEAQLTFWDNGHCHMKKILMHKTDEPHKYTAFKGKKTIYIQETSVKGYYILYCEGQRHGRSHRKGKLIGTNSEKNPEAMEEFKKFAMSKGFREENIIVPEQLDQCVSGSN,Mus musculus,146,165,0.11363636363636363
P61110,MMLFKVLVITVFCGLTVAFPLSELVSINKELQNSIIDLLNSVFDQLGSYRGTKAPLEDYTDDDLSTDSEQIMDFTPAANKQNSEFSTDVETVSSGFLEEFTENTDITVKIPLAGNPVSPTS,Mus musculus,24;79,42;92,0.2727272727272727
Q00623,MKAVVLAVALVFLTGSQAWHVWQQDEPQSQWDKVKDFANVYVDAVKDSGRDYVSQFESSSLGQQLNLNLLENWDTLGSTVSQLQERLGPLTRDFWDNLEKETDWVRQEMNKDLEEVKQKVQPYLDEFQKKWKEDVELYRQKVAPLGAELQESARQKLQELQGRLSPVAEEFRDRMRTHVDSLRTQLAPHSEQMRESLAQRLAELKSNPTLNEYHTRAKTHLKTLGEKARPALEDLRHSLMPMLETLKTQVQSVIDKASETLTAQ,Mus musculus,70;252,83;264,0.10227272727272728
A0A0B4J1J2,MVFTPQILGLMLFWISASRGDIVLTQSPATLSVTPGDSVSLSCRASQSISNNLHWYQQKSHESPRLLIKYASQSISGIPSRFSGSGSGTDFTLSINSVETEDFGMYFCQQSNSWP,Mus musculus,57,72,0.1391304347826087
O89023,MGLQARLLGLLALVIAGKCTYNPEPDQRWMLPPGWVSLGRVDPEEELSLTFALKQRNLERLSELVQAVSDPSSPQYGKYLTLEDVAELVQPSPLTLLTVQKWLSAAGARNCDSVTTQDFLTCWLSVRQAELLLPGAEFHRYVGGPTKTHVIRSPHPYQLPQALAPHVDFVGGLHRFPPSSPRQRPEPQQVGTVSLHLGVTPSVLRQRYNLTAKDVGSGTTNNSQACAQFLEQYFHNSDLTEFMRLFGGSFTHQASVAKVVGKQGRGRAGIEASLDVEYLMSAGANISTWVYSSPGRHEAQEPFLQWLLLLSNESSLPHVHTVSYGDDEDSLSSIYIQRVNTEFMKAAARGLTLLFASGDTGAGCWSVSGRHKFRPSFPASSPYVTTVGGTSFKNPFLITDEVVDYISGGGFSNVFPRPPYQEEAVAQFLKSSSHLPPSSYFNASGRAYPDVAALSDGYWVVSNMVPIPWVSGTSASTPVFGGILSLINEHRILNGRPPLGFLNPRLYQQHGTGLFDVTHGCHESCLNEEVEGQGFCSGPGWDPVTGWGTPNFPALLKTLLNP,Mus musculus,203,216,0.02491103202846975
P09803,MGARCRSFSALLLLLQVSSWLCQELEPESCSPGFSSEVYTFPVPERHLERGHVLGRVRFEGCTGRPRTAFFSEDSRFKVATDGTITVKRHLKLHKLETSFLVRARDSSHRELSTKVTLKSMGHHHHRHHHRDPASESNPELLMFPSVYPGLRRQKRDWVIPPISCPENEKGEFPKNLVQIKSNRDKETKVFYSITGQGADKPPVGVFIIERETGWLKVTQPLDREAIAKYILYSHAVSSNGEAVEDPMEIVITVTDQNDNRPEFTQEVFEGSVAEGAVPGTSVMKVSATDADDDVNTYNAAIAYTIVSQDPELPHKNMFTVNRDTGVISVLTSGLDRESYPTYTLVVQAADLQGEGLSTTAKAVITVKDINDNAPVFNPSTYQGQVPENEVNARIATLKVTDDDAPNTPAWKAVYTVVNDPDQQFVVVTDPTTNDGILKTAKGLDFEAKQQYILHVRVENEEPFEGSLVPSTATVTVDVVDVNEAPIFMPAERRVEVPEDFGVGQEITSYTAREPDTFMDQKITYRIWRDTANWLEINPETGAIFTRAEMDREDAEHVKNSTYVALIIATDDGSPIATGTGTLLLVLLDVNDNAPIPEPRNMQFCQRNPQPHIITILDPDLPPNTSPFTAELTHGASVNWTIEYNDAAQESLILQPRKDLEIGEYKIHLKLADNQNKDQVTTLDVHVCDCEGTVNNCMKAGIVAAGLQVPAILGILGGILALLILILLLLLFLRRRTVVKEPLLPPDDDTRDNVYYYDEEGGGEEDQDFDLSQLHRGLDARPEVTRNDVAPTLMSVPQYRPRPANPDEIGNFIDENLKAADSDPTAPPYDSLLVFDYEGSGSEAASLSSLNSSESDQDQDYDYLNEWGNRFKKLADMYGGGEDD,Mus musculus,305;331;398;426;494;587,319;345;413;440;508;600,0.10180995475113122
P19228,MKLLILTCLVAAAFAMPRLHSRNAVSSQTQQQHSSSEEIFKQPKYLNLNQEFVNNMNRQRALLTEQNDEIKVTMDAASEEQAMASAQEDSSISSSSEESEEAIPNITEQKNIANEDMLNQCTLEQLQRQFKYNQLLQKASLAKQASLFQQPSLVQQASLFQQPSLLQQASLFQQPSMAQQASLLQQLLLAQQPSLALQVSPAQQSSLVQQAFLAQQASLAQKHHPRLSQSYYPHMEQPYRMNAYSQVQMRHPMSVVDQALAQFSVQPFPQIFQYDAFPLWAYFPQDMQYLTPKAVLNTFKPIVSKDTEKTNVW,Mus musculus,6;46,20;60,0.09584664536741214
P02664,MKFIILTCLLAVALAKQRMEQYISSEESMDNSQENFKQNMDVAFFPSQETVENIYIPQMESVEAPMKVSDIISQQQYNQKMMDMSVSAREKTVMTEESKNIQDYMNKMKRYSKITWPQFVKLLHQYQKTMTPWSYYPSTPSQV,Mus musculus,1;118,20;132,0.24475524475524477
Q9ET47,MALEQALQAARRGDLDVLRSLHAAGLLGPSLRDSLDALPVHHAARSGKLHCLRYLVEEVALPAVSRARNGATPAHDAAATGYLSCLQWLLTQGGCRVQEKDNSGATVLHLAARFGHPDVVKWLLYQGGANSAITTDTGALPIHYAAAKGDLPSLKLLVGHYPEGVNAQTNNGATPLYLACQEGHLEVTKYLVQECSADPHLRAQDGMTPLHAAAQMGHNPVLVWLVSFADVSFSEQDHDGATAMHFAASRGHTKVLSWLLLHGAEISQDLWGGTPLHDAAENGELECCQILAVNGAGLDVRDHDGYTAADLAEFNGHTHCSRYLRTVQTLSLEHRVLSRDQSMDLEAKQLDSGMSSPNTTMSVQPMTFDLGSPTSTFSNYDSCSSSHSSSKGQRSNRGIPGARAADLQSYMDMLNPEKSLPRGKLGKPSPPPPPPPPPPSFPPPPPPTGTQPPPPPPGYPAPNPPVGLHLNNIYMQTKNKLRHVEVDSLKEPKVELNDQFAQPSSGDGHSGLHRQDSGLLRQDSELLHRQELLRHSTGLRRQDSDRKQRSFSKQPSTGDYYRQLGRSPGEPLAARPGMAHSEEAALLPGNHVHNGCSADSKASRELPPPPPPPPLPEALSSPPPAPPLPIEGAGAACGQRRSSSSTGKVRVLRHRKSTKSFNMMSPTGDNSELLAEIKAGKSLKPTPQSKGLTTVFSGSGQPASQPESPQPLVSPAPSRTRSPTPPASGSQPLLNGSVVPAPPATPAPGVHLDVEALIPTLDEQGRPIPEWKRQVMVRKLQQKMQEEEEQRRKEEEEEARLASLPAWRRDILRKKLEEEREQKRKEEERQKLEEIQRAKEQSEKLRTLGYDEAKLAPWQRQVILKKGEIPK,Mus musculus,607,624,0.02066590126291619
Q62471,MRALLLIISFCLVAVLQAQDSSFLAFNNGNFSGKWFLKALVSEDDIPINKVSPMLILVLNNGDIELSITHMIYDQCLEVTTILEKTDVPGQYLAFEGKTHLQVQLSSVKGHYMLYCDGEIEGMRFLMTQLIGRDPQENLEALEEFKVFTQIKGLVAENLVILEQMEKCEPESFYELPSRPSE,Mus musculus,91,105,0.08241758241758242
P13634,MASADWGYGSENGPDQWSKLYPIANGNNQSPIDIKTSEANHDSSLKPLSISYNPATAKEIVNVGHSFHVIFDDSSNQSVLKGGPLADSYRLTQFHFHWGNSNDHGSEHTVDGTRYSGELHLVHWNSAKYSSASEAISKADGLAILGVLMKVGPANPSLQKVLDALNSVKTKGKRAPFTNFDPSSLLPSSLDYWTYFGSLTHPPLHESVTWVICKDSISLSPEQLAQLRGLLSSAEGEPAVPVLSNHRPPQPLKGRTVRASF,Mus musculus,131,143,0.04980842911877394
P18419,MNSTSLFLFSLLLLLVTGAIGKKTKEKFLQSEETVRESFSMGSRGHMSRSSEPEVFVRPQDSIGDEASEEMSSSSSSRRRSKIISSSSDGSNMEGESSYSKRKKSRFSQDALE,Mus musculus,50,64,0.13274336283185842
A2AS37,MVLIPSQAMGFWGTLLFLIFLEQSWGQEQTYIISTPIVFRVGAPENVTVQAHGHTEAFDTTVSVKSYPDENVRYSFSTVNLSPENKFQNTAILTIQAKQLSEGQNSFSNSYLEVVSKHFAKLEIVPIIYDNDSLFVQTDKSVYTPQQPVKVRVYSVNDDLEPATRETVLTFIDPEGSQVDTIEGNNLTGIASFPDFEIPSNPKHGRWTVKAKYREDASKTGTTYFEVKEYDKTYRISIMPTIDLQPEVEKQEAHGMCLHQPTECLRQKINEQASTYKHPMIKKCCYDGARYNIHETCVQRAARVKIGPICVKAFTLCCNMAHQILENSTFKHIHLSSHSNHQAEHGDPQWRSQGKD,Mus musculus,60;77,75;92,0.0898876404494382
A2BHD2,MMVKFLLLALVFGLAHVHAHDHPELQGQWKTTAIMADNIDKIETSGPLELFVREITCDEGCQKMKVTFYVKQNGQCSLTTVTGYKQEDGKTFKNQYEGENNYKLLKATSENLVFYDENVDRASRKTKLLYILGKGEALTHEQKERLTELATQKGIPAGNLKELAHEDTCPE,Mus musculus,126,140,0.08771929824561403
P29699,MKSLVLLLCFAQLWGCQSAPQGTGLGFRELACDDPEAEQVALLAVDYLNNHLLQGFKQVLNQIDKVKVWSRRPFGVVYEMEVDTLETTCHALDPTPLANCSVRQLTEHAVEGDCDFHILKQDGQFRVMHTQCHSTPDSAEDVRKLCPRCPLLTPFNDTNVVHTVNTALAAFNTQNNGTYFKLVEISRAQNVPLPVSTLVEFVIAATDCTAKEVTDPAKCNLLAEKQHGFCKANLMHNLGGEEVSVACKLFQTQPQPANANAVGPVPTANAALPADPPASVVVGPVVVPRGLSDHRTYHDLRHAFSPVASVESASGETLHSPKVGQPGAAGPVSPMCPGRIRHFKI,Mus musculus,183,196,0.04057971014492753
P34927,MTKDYQDFQHLDNDNDHHQLRRGPPPTPRLLQRLCSGSRLLLLSSSLSILLLVVVCVITSQNSQLREDLLALRQNFSNLTVSTEDQVKALSTQGSSVGRKMKLVESKLEKQQKDLTEDHSSLLLHVKQLVSDVRSLSCQMAAFRGNGSERTCCPINWVEYEGSCYWFSSSVRPWTEADKYCQLENAHLVVVTSRDEQNFLQRHMGPLNTWIGLTDQNGPWKWVDGTDYETGFQNWRPEQPDNWYGHGLGGGEDCAHFTTDGRWNDDVCRRPYRWVCETKLDKAN,Mus musculus,57,69,0.045774647887323945
P43237,MRGRVSPLMLLLGILVLASVSATQAKSPYRKTENPCAQRCLQSCQQEPDDLKQKACESRCTKLEYDPRCVYDTGATNQRHPPGERTRGRQPGDYDDDRRQPRREEGGRWGPAEPREREREEDWRQPREDWRRPSHQQPRKIRPEGREGEQEWGTPGSEVREETSRNNPFYFPSRRFSTRYGNQNGRIRVLQRFDQRSKQFQNLQNHRIVQIEARPNTLVLPKHADADNILVIQQGQATVTVANGNNRKSFNLDEGHALRIPSGFISYILNRHDNQNLRVAKISMPVNTPGQFEDFFPASSRDQSSYLQGFSRNTLEAAFNAEFNEIRRVLLEENAGGEQEERGQRRRSTRSSDNEGVIVKVSKEHVQELTKHAKSVSKKGSEEEDITNPINLRDGEPDLSNNFGRLFEVKPDKKNPQLQDLDMMLTCVEIKEGALMLPHFNSKAMVIVVVNKGTGNLELVAVRKEQQQRGRREQEWEEEEEDEEEEGSNREVRRYTARLKEGDVFIMPAAHPVAINASSELHLLGFGINAENNHRIFLAGDKDNVIDQIEKQAKDLAFPGSGEQVEKLIKNQRESHFVSARPQSQSPSSPEKEDQEEENQGGKGPLLSILKAFN,Arachis hypogaea,59;185,73;214,0.0732899022801303
Q95114,MPCPRLLAALFCSSGLFAASGDFCDSSLCLHGGTCLLNEDRTPPFYCLCPEGFTGLLCNETEHGPCFPNPCHNDAECQVTDDSHRGDVFIQYICKCPLGYVGIHCETTCTSPLGMQTGAIADSQISASSMHLGFMGLQRWAPELARLHQTGIVNAWTSGNYDKNPWIQVNLMRKMWVTGVVTQGASRAGSAEYLKTFKVAYSTDGRQFQFIQVAGRSGDKIFIGNVNNSGLKINLFDTPLETQYVRLVPIICHRGCTLRFELLGCELNGCTEPLGLKDNTIPNKQITASSYYKTWGLSAFSWFPYYARLDNQGKFNAWTAQTNSASEWLQIDLGSQKRVTGIITQGARDFGHIQYVAAYRVAYGDDGVTWTEYKDPGASESKIFPGNMDNNSHKKNIFETPFQARFVRIQPVAWHNRITLRVELLGC,Bos taurus,351;401,365;420,0.08196721311475409
A0AAA9T0J6,MPEPVTVTWNSGALKSGVHTFPAVLQSSGLYSLSSMVTVPASTSGQTFTCNVAHPASSTKVDKAVGVSIDCSKCHNQPCVREPSVFIFPPKPKDTLMITGTPEVTCVVVNVGHDNPEVQFSWFVDDVEVHTARTKPREEQFNSTYRVVSALPIQHQDWTGGKEFKCKVNNKGLSAPIVRIISRSKGPAREPQVYVLDPPKEELSKSTLSVTCMVTGFYPEDVAVEWQRNRQTESEDKYRTTPPQLDTDRSYFLYSKLRVDRNSWQEGDTYTCVVMHEALHNHYTQKSTSKSADLLLEEEICADAQDGELDGLWTTISIFITLFLLSVCYSATVTLFKVKWILSSVVELKQSITPNYRNMIGQGA,Bos taurus,282,296,0.04120879120879121
